"POVINN","PTRIDA"
NMAG359,MBIBPV
NMAG359,MBOMPV
NMMA561,MMMA
NMMA561,MMMAV
NMMA562,MMMA
NMMA562,MMMAV
NMNV402,MMMO
NMNV402,MMMOV
NMNV402,MMNM
NMNV402,MMNMP
NMNV407,MMIB
NMNV407,MMIBPV
NMNV407,MMMO
NMNV407,MMMOP
NMNV407,MMNM
NMNV407,MMNMP
NMNV535,MMNM
NMNV535,MMNMPV
NOPT061,IM1
NPFL104,DI3
NPFL104,IM3
NSWI029,DI2
NSWI029,IM
NSWI058,DI2
NSWI058,IM
NSWI138,IB
NMTP612,DM9
NMMB303,MBIB
NMMB303,MBIBPV
NMMB303,MBIT
NMMB303,MBITPV
NMMB462,MMIB
NMMB462,MMIBV
NMMB498,MMIB
NMMB498,MMIBV
NMMB499,MMIB
NMMB499,MMIBV
NMMB562,MMIB
NMMB562,MMIBV
NMMO531,MMMO
NMMO531,MMMOV
NTIN065,IM1
NTIN065,IM4
NTIN074,IM1
NTIN089,DI1
NMMA366,MBOM
NMMA366,MBOMV
NAIL006,IM
NAIL009,IM
NAIL022,IM1
NAIL022,IM3
