"POVINN","REQTYP","REQPOVINN"
NAIL002,N,NAIX002
NAIL002,N,NXXX038
NAIL002,N,NXXX039
NAIL002,N,NXXX040
NAIL002,N,NXXX067
NAIL002,N,NXXX069
NAIL002,Z,NAIX002
NALG001,Z,NMAG101
NALG002,Z,NMAG102
NALG007,P,NALG027
NALG008,K,NALG027
NALG008,P,NALG026
NALG009,K,NALG027
NALG009,P,NALG026
NALG012,N,NMAI031
NALG012,P,NALG027
NALG015,Z,NMAG460
NALG017,Z,NMAG337
NALG018,P,NGEM002
NALG018,Z,NMAG334
NALG021,Z,NMAG438
NALG022,Z,NMAG442
NALG023,K,NALG028
NALG023,P,NALG001
NALG023,P,NALG002
NALG024,P,NALG028
NALG028,Z,NMAG333
NALG029,Z,NMAG434
NALG031,Z,NMAG565
NALG033,P,NALG017
NALG033,Z,NMAG432
NALG066,P,N#IA015
NALG067,P,NALG027
NALG070,P,NALG027
NBCM008,P,NBCM012
NBCM011,P,NBCM010
NBCM012,N,NXXX001
NBCM012,N,NXXX002
NBCM012,P,NBCM010
NBCM018,P,NBCM010
NBCM050,Z,NBCM121
NBCM050,Z,NBCM122
NBCM075,Z,NBCM066
NDBI001,N,NDBI049
NDBI001,Z,NDBI049
NDBI007,N,NDBX007
NDBI007,Z,NDBX007
NDFY010,P,NUFY014
NDFY010,P,NUFY015
NDFY011,K,NDFY010
NDGE001,Z,NMUG101
NDGE002,Z,NMUG102
NDGE003,Z,NMUG106
NDGE006,Z,NMUG202
NDGE008,N,NMUG303
NDGE008,Z,NMUG303
NDGE010,N,NMUG204
NDGE010,Z,NMUG204
NDGE012,N,NMUG404
NDGE012,Z,NMUG404
NDGE013,N,NMUG405
NDGE013,Z,NMUG405
NDIN002,N,NDIN010
NDIN002,Z,NDIN010
NDIR004,P,NRFA006
NDIR005,K,NRFA006
NDIR005,P,NMAA021
NDIR012,N,NMMA333
NDIR012,Z,NMMA333
NDIR036,P,NDIR005
NDIR036,P,NMAA004
NDIR036,P,NRFA006
NDIR041,K,NSTP149
NDIR041,Z,NMTP543
NDIR042,Z,NMMO533
NDIR043,P,NDIR042
NDIR043,Z,NMMO534
NDIR050,Z,NMNV535
NDIR055,Z,NMMA464
NDMA001,Z,NDMI011
NDMA001,Z,NMIN331
NDMA004,N,NOPT041
NDMA004,Z,NOPT041
NDMA005,Z,NDMI002
NDMA005,Z,NMIN105
NDMI002,N,NDMA005
NDMI009,N,NXXX007
NDMI009,N,NXXX009
NDMI009,N,NXXX014
NDMI009,N,NXXX015
NDMI009,N,NXXX016
NDMI009,N,NXXX017
NDMI009,N,NXXX022
NDMI009,N,NXXX023
NDMI009,N,NXXX024
NDMI009,N,NXXX025
NDMI009,N,NXXX033
NDMI009,N,NDMX009
NDMI009,Z,NDMX009
NDMI011,N,NDMA001
NDMI011,N,NDMX011
NDMI011,Z,NDMX011
NDMI012,N,NXXX014
NDMI012,N,NXXX015
NDMI012,N,NXXX016
NDMI012,N,NXXX017
NDMI012,N,NXXX022
NDMI012,N,NXXX023
NDMI012,N,NXXX024
NDMI012,N,NXXX025
NDMI012,N,NXXX033
NDMI012,N,NDMX012
NDMI012,Z,NDMX012
NDMI013,N,NXXX007
NDMI013,N,NXXX008
NDMI013,N,NXXX009
NDMI013,N,NXXX036
NDMI013,N,NXXX037
NDMI013,N,NXXX051
NDMI013,N,NXXX052
NDMI013,N,NXXX053
NDMI028,N,NXXX007
NDMI028,N,NXXX008
NDMI028,N,NXXX009
NDMI028,N,NXXX051
NDMI028,N,NXXX052
NDMI028,N,NXXX053
NDMI042,P,N#IA010
NDMI044,P,N#IA010
NEKN001,N,NEKN041
NEKN001,Z,N#MS040
NEKN003,K,NEKN012
NEKN003,K,NSTP201
NEKN003,K,NSTP238
NEKN003,Z,NMSA401
NEKN004,K,N#MS018
NEKN004,N,NEKN026
NEKN004,Z,N#MS029
NEKN005,P,NEKN003
NEKN005,P,NEKN012
NEKN005,P,NSTP201
NEKN005,P,NSTP202
NEKN005,P,NSTP238
NEKN005,P,NSTP239
NEKN005,Z,NMEK551
NEKN007,K,NEKN041
NEKN007,Z,NMEK563
NEKN008,Z,NMEK561
NEKN009,N,NOPT013
NEKN009,Z,NMEK531
NEKN009,Z,NOPT013
NEKN010,N,NEKN009
NEKN010,N,NOPT013
NEKN011,Z,N#MS026
NEKN011,N,NEKN012
NEKN024,K,NEKN003
NEKN024,Z,NMEK450
NEKN026,K,NEKN012
NEKN026,Z,NMEK532
NEVF031,K,NEVF030
NEVF077,K,NEVF076
NEVF078,Z,NEVF091
NEVF078,Z,NEVF092
NEVF079,Z,NEVF093
NEVF079,Z,NEVF094
NEVF087,K,NEVF086
NFAP001,Z,NMFM461
NFAP002,N,NFAP004
NFAP002,N,NFAP031
NFAP004,Z,NMFM205
NFAP004,Z,NMFM437
NFAP005,N,NFAP035
NFAP005,Z,N#MS030
NFAP006,Z,NMFM306
NFAP007,Z,NMFM308
NFAP007,Z,NMFM404
NFAP008,Z,NMFM201
NFAP009,Z,NMFM104
NFAP011,K,N#MS038
NFAP011,K,N#MS039
NFAP011,Z,NMFM501
NFAP011,Z,NMFM502
NFAP012,Z,NMFM505
NFAP013,Z,NMFM101
NFAP014,Z,NMFM302
NFAP017,Z,NMFM309
NFAP019,Z,NMFM305
NFAP022,N,NMFM331
NFAP022,Z,NMFM203
NFAP022,Z,NMFM331
NFAP031,N,NFAP002
NFAP031,N,NFAP004
NFAP031,Z,NFAP004
NFAP034,Z,NMFM503
NFAP035,K,N#MS018
NFAP035,Z,NMFM431
NFPL010,N,NBCM110
NFPL010,N,NJSF060
NFPL010,N,NJSF094
NFPL010,N,NOFY042
NFPL010,N,NOFY045
NFPL010,N,NTMF066
NFPL054,K,NOFY125
NFPL109,K,NFPL108
NGEM002,Z,NMAG335
NGEM004,Z,NMAG437
NGEM005,Z,NMAG437
NGEM012,P,N#AA300
NGEM012,Z,NMAG204
NGEM013,Z,NMAG569
NGEM014,Z,NMAG569
NGEO005,N,NGEO112
NGEO005,Z,NGEO112
NGEO009,K,NGEO008
NGEO029,N,NGEO110
NGEO029,Z,NGEO110
NGEO031,K,NGEO007
NGEO059,Z,NGEO086
NGEO059,Z,NGEO087
NJSF014,P,NOFY045
NJSF038,K,NJSF037
NJSF039,N,NOFY036
NJSF039,Z,NTMF043
NJSF039,Z,NTMF044
NJSF040,N,NOFY036
NJSF040,Z,NTMF043
NJSF040,Z,NTMF044
NJSF044,K,NJSF043
NJSF045,Z,NJSF107
NJSF045,Z,NJSF108
NJSF052,P,NOFY039
NJSF053,P,NOFY039
NJSF058,P,NJSF064
NJSF076,K,NJSF065
NJSF098,K,NJSF062
NJSF098,N,NJSF069
NJSF098,Z,NJSF069
NMAA001,N,NMAA071
NMAA001,N,NMAF033
NMAA001,N,NMAI008
NMAA001,N,NUMP001
NMAA001,Z,NHIU076
NMAA001,Z,NMAA071
NMAA001,Z,NMAF033
NMAA001,Z,NMAI008
NMAA001,Z,NMMA101
NMAA001,Z,NUMP001
NMAA002,N,NMAA007
NMAA002,N,NMAA008
NMAA002,Z,NHIU076
NMAA002,Z,NMAF034
NMAA002,Z,NMMA102
NMAA002,Z,NUMP002
NMAA003,N,NHII088
NMAA003,N,NHIU035
NMAA003,N,NHIU062
NMAA003,N,NHIU085
NMAA003,N,NMUE007
NMAA003,N,NUMP005
NMAA003,N,NUMP012
NMAA003,P,N#AA300
NMAA003,Z,NMMA201
NMAA004,N,NHII088
NMAA004,N,NHII089
NMAA004,N,NHIU035
NMAA004,N,NHIU062
NMAA004,N,NHIU085
NMAA004,N,NMUE007
NMAA004,N,NMUE008
NMAA004,N,NUMP005
NMAA004,N,NUMP012
NMAA004,P,N#AA300
NMAA004,Z,NMMA202
NMAA007,N,NMAA001
NMAA007,N,NMAA002
NMAA007,N,NMAF009
NMAA007,N,NMAF010
NMAA007,N,NMAF033
NMAA007,N,NMAF034
NMAA007,N,NMAI008
NMAA007,N,NMAI009
NMAA007,N,NUMP001
NMAA007,N,NUMP002
NMAA008,K,NMAA007
NMAA008,N,NMAA001
NMAA008,N,NMAA002
NMAA008,N,NMAF009
NMAA008,N,NMAF010
NMAA008,N,NMAF033
NMAA008,N,NMAF034
NMAA008,N,NMAI008
NMAA008,N,NMAI009
NMAA008,N,NUMP001
NMAA008,N,NUMP002
NMAA016,Z,NMMA338
NMAA019,K,NMAA018
NMAA019,P,NMAA007
NMAA019,P,NMAA008
NMAA021,P,N#AA301
NMAA021,P,N#AA302
NMAA021,Z,NMAA020
NMAA021,Z,NMAA033
NMAA021,Z,NMMA301
NMAA039,Z,NMAG461
NMAA067,N,NMAA015
NMAA067,Z,NMMA408
NMAF003,N,NMAA003
NMAF003,N,NMAA004
NMAF003,N,NMAI049
NMAF003,N,NMAI050
NMAF003,N,NUMP005
NMAF003,N,NUMP006
NMAF003,P,NMAF033
NMAF003,P,NMAF034
NMAF004,K,NMAF003
NMAF004,N,NMAA003
NMAF004,N,NMAA004
NMAF004,N,NMAI049
NMAF004,N,NMAI050
NMAF004,N,NUMP005
NMAF004,N,NUMP006
NMAF005,K,NMAF004
NMAF010,K,NMAF009
NMAF011,K,NMAF010
NMAF027,N,NOFY141
NMAF027,Z,NOFY141
NMAF028,N,NOFY142
NMAF028,Z,NOFY142
NMAF031,N,NALG001
NMAF031,N,NALG003
NMAF031,N,NHIM071
NMAF031,N,NHIU077
NMAF031,N,NMAI004
NMAF031,N,NUMP003
NMAF031,Z,NALG001
NMAF031,Z,NHIM071
NMAF031,Z,NMAF027
NMAF031,Z,NUMP003
NMAF032,N,NALG002
NMAF032,N,NALG004
NMAF032,N,NHIM071
NMAF032,N,NHIU077
NMAF032,N,NMAI005
NMAF032,N,NUMP004
NMAF032,P,NMAF031
NMAF032,Z,NALG002
NMAF032,Z,NHIM071
NMAF032,Z,NMAF028
NMAF032,Z,NUMP004
NMAF033,Z,NMAF051
NMAF034,Z,NMAF052
NMAI008,N,NMAA001
NMAI008,N,NMAA002
NMAI008,N,NMAA007
NMAI008,N,NMAA008
NMAI008,N,NMAF033
NMAI008,N,NMAI046
NMAI008,N,NMAI047
NMAI008,N,NUMP001
NMAI008,Z,NMAA001
NMAI008,Z,NMAF033
NMAI008,Z,NUMP001
NMAI009,K,NMAI008
NMAI009,N,NMAA002
NMAI009,N,NMAA008
NMAI009,N,NMAF034
NMAI009,N,NMAI047
NMAI009,N,NUMP002
NMAI009,Z,NMAA002
NMAI009,Z,NMAF034
NMAI009,Z,NUMP002
NMAI019,Z,N#IA001
NMAI019,Z,N#IA017
NMAI042,N,NXXX014
NMAI042,N,NXXX015
NMAI042,N,NXXX016
NMAI042,N,NXXX017
NMAI042,N,NXXX022
NMAI042,N,NXXX023
NMAI042,N,NXXX024
NMAI042,N,NXXX025
NMAI042,N,NXXX033
NMAI042,N,NMAX042
NMAI042,Z,NMAX042
NMAI043,N,NALG001
NMAI043,N,NALG003
NMAI043,N,NMAF012
NMAI043,N,NMAF027
NMAI043,Z,NALG001
NMAI043,Z,NALG003
NMAI043,Z,NMAF027
NMAI044,K,NMAI043
NMAI044,N,NALG002
NMAI044,N,NALG004
NMAI044,N,NMAF028
NMAI044,Z,NALG002
NMAI044,Z,NALG004
NMAI044,Z,NMAF028
NMAI045,N,NALG001
NMAI045,N,NALG002
NMAI045,N,NALG003
NMAI045,N,NALG004
NMAI045,N,NMAF012
NMAI045,N,NMAF027
NMAI045,N,NMAF028
NMAI045,N,NMAF031
NMAI045,N,NMAF032
NMAI045,N,NMAI043
NMAI045,N,NMAI044
NMAI045,N,NUMP003
NMAI045,N,NUMP004
NMAI045,Z,NALG003
NMAI049,K,NMAI009
NMAI049,Z,NMAI056
NMAI050,K,NMAI009
NMAI050,K,NMAI049
NMAI050,Z,N#IA021
NMAN004,Z,NMFM464
NMAT001,Z,NMAG471
NMAT003,N,NMAI020
NMAT003,Z,NMAI020
NMAT007,Z,NMAG409
NMAT008,Z,NMAG532
NMAT010,Z,NMTP535
NMAT018,Z,NMAT039
NMAT067,K,NMAT066
NMET014,N,NXXX003
NMET049,K,NMET050
NMOD017,P,NDIR005
NMOD017,P,NRFA006
NMOD018,K,NMOD017
NMOD023,Z,NMNV461
NMOD024,K,NMOD023
NMOD024,Z,NMNV462
NMOD032,P,NMAA004
NMOD032,P,NMOD012
NMOD033,K,NMOD032
NMOD035,Z,N#MP121
NMOD036,Z,NMMO531
NMUE002,Z,NMUM101
NMUE003,K,NMUE002
NMUE003,Z,NMUM102
NMUE003,Z,NUMP002
NMUE004,N,NALG026
NMUE004,N,NALG027
NMUE004,N,NMAI019
NMUE004,N,NUMP007
NMUE004,N,NUMZ004
NMUE004,Z,NALG027
NMUE004,Z,NMAI019
NMUE004,Z,NUMP007
NMUE005,Z,NUMP010
NMUE006,Z,NUMP011
NMUE007,Z,NMUM201
NMUE008,K,NMUE007
NMUE009,Z,NUMP009
NMUE012,N,N#MS006
NMUE012,N,N#MS050
NMUE012,N,NMAI059
NMUE012,N,NSTP014
NMUE012,N,NSTP017
NMUE012,N,NSTP022
NMUE012,N,NSTP064
NMUE012,N,NSTP070
NMUE012,N,NSTP097
NMUE012,N,NSTP129
NMUE012,N,NSTP177
NMUE012,N,NUMP013
NMUE012,Z,NUMP013
NMUE015,Z,NDIM001
NMUE016,Z,NUMV043
NMUE018,Z,NUMP017
NMUE024,N,NALG001
NMUE024,Z,NALG001
NMUE024,Z,NUMP003
NMUE025,K,NMUE024
NMUE025,N,NALG002
NMUE025,N,NUMP004
NMUE025,Z,NALG002
NMUE025,Z,NUMP004
NNUM001,Z,NMMA334
NNUM006,N,NMNM331
NNUM006,Z,NMNM331
NNUM010,Z,NMNV539
NNUM011,Z,NMNV543
NNUM015,N,NMNV405
NNUM015,N,NNUM002
NNUM015,Z,NMNV405
NNUM015,Z,NNUM002
NNUM016,Z,NMNV563
NNUM017,Z,NMNV564
NNUM018,Z,NMNV403
NNUM021,Z,NMNV501
NOFY026,N,NXXX005
NOFY026,N,NXXX006
NOFY026,N,NXXX046
NOFY026,N,NOFY126
NOFY026,Z,NOFY126
NOFY030,N,NOFY130
NOFY030,N,NOFY130
NOFY030,P,NOFY066
NOFY030,Z,NOFY130
NOFY030,Z,NOFY130
NOFY031,N,NTMF043
NOFY031,Z,NTMF043
NOFY036,N,NOFY031
NOFY036,N,NTMF043
NOFY043,Z,NUFY030
NOFY045,N,NBCM110
NOFY045,N,NFPL010
NOFY045,N,NJSF060
NOFY045,N,NJSF094
NOFY045,N,NTMF066
NOFY046,K,NOFY045
NOFY046,N,NBCM111
NOFY046,N,NJSF061
NOFY046,N,NJSF095
NOFY046,N,NTMF067
NOPT010,K,NOPT009
NOPT034,N,NXXX007
NOPT034,N,NXXX008
NOPT034,N,NXXX009
NOPT034,N,NXXX036
NOPT034,N,NXXX037
NPED006,Z,NPED027
NPED006,Z,NPED028
NPFL023,K,N#IL002
NPFL038,N,NXXX011
NPFL038,N,NXXX012
NPFL038,N,NXXX013
NPFL038,N,NXXX070
NPFL038,N,NXXX071
NPRF018,N,NPRF051
NPRF018,Z,NPRF051
NPRF028,Z,NUFZ018
NPRF028,Z,NUFZ019
NPRF033,N,NPRG004
NPRF033,N,NPRM001
NPRF033,Z,NPRG004
NPRF033,Z,NPRM001
NPRF040,N,NPRF033
NPRF040,N,NPRG004
NPRF040,N,NPRM001
NPRF040,Z,NPRF033
NPRF040,Z,NPRG004
NPRF040,Z,NPRM001
NPRF041,K,NPRF040
NPRF041,N,NPRF033
NPRF041,N,NPRG004
NPRF041,N,NPRM001
NPRF041,Z,NPRF033
NPRF041,Z,NPRG004
NPRF041,Z,NPRM001
NPRG004,Z,NPRF033
NPRG004,Z,NPRM001
NPRG004,N,NPRF033
NPRG004,N,NPRM001
NPRG019,K,NPRG012
NPRG019,Z,NPRG034
NPRG023,N,NPRG069
NPRG023,Z,NPRG069
NPRM001,N,NPRF033
NPRM001,N,NPRG004
NPRM001,N,NPRG030
NPRM001,N,NPRG031
NPRM001,Z,NPRF033
NPRM001,Z,NPRG004
NPRM001,Z,NPRG031
NPRM022,N,NSWI003
NPRM022,P,NPRM009
NRFA006,N,NRFA075
NRFA006,P,N#AA301
NRFA006,P,N#AA302
NRFA006,Z,NMMA331
NRFA006,Z,NRFA009
NRFA013,Z,NMMA404
NRFA014,K,NRFA013
NRFA014,Z,NMMA403
NRFA016,K,NRFA015
NRFA017,Z,NMNV401
NRFA018,Z,NMNV402
NRFA027,P,NMAA069
NRFA027,P,NMAA070
NRFA027,P,NRFA006
NRFA042,Z,NRFA009
NRFA045,Z,NMMA533
NSTP001,N,NSTP201
NSTP001,Z,N#MS041
NSTP002,K,NSTP001
NSTP002,N,NSTP202
NSTP002,Z,N#MS042
NSTP004,Z,NMST440
NSTP005,P,NSTP050
NSTP005,Z,NMTP438
NSTP006,N,NSTP007
NSTP006,Z,N#MS027
NSTP008,K,NSTP050
NSTP008,K,NSTP201
NSTP008,Z,NMSA401
NSTP009,Z,NMST450
NSTP013,Z,NMST541
NSTP014,N,N#MS037
NSTP014,N,NMAI059
NSTP014,N,NMSA202
NSTP014,N,NSTP022
NSTP014,N,NSTP070
NSTP014,N,NSTP129
NSTP014,N,NSTP177
NSTP017,N,N#MS037
NSTP017,N,NMAI059
NSTP017,N,NSTP014
NSTP017,N,NSTP022
NSTP017,N,NSTP070
NSTP017,N,NSTP129
NSTP017,N,NSTP177
NSTP018,Z,NMST539
NSTP024,N,N#MS016
NSTP024,N,NSTP141
NSTP024,Z,N#MS016
NSTP024,Z,N#MS034
NSTP026,N,NSTP027
NSTP026,Z,N#MS032
NSTP027,Z,NMST438
NSTP028,N,NSTP142
NSTP028,Z,N#MS031
NSTP029,Z,NMSA602
NSTP030,Z,NMSA603
NSTP031,N,NSTP050
NSTP031,Z,N#MS021
NSTP032,K,N#MS003
NSTP032,N,NSTP051
NSTP032,Z,N#MS022
NSTP038,N,NSTP238
NSTP038,Z,N#MS043
NSTP039,N,NSTP239
NSTP039,Z,N#MS044
NSTP050,Z,NMSA333
NSTP051,K,NSTP050
NSTP051,Z,NMSA405
NSTP053,N,NSTP008
NSTP053,Z,NSTP008
NSTP054,N,NSTP009
NSTP054,Z,NSTP009
NSTP055,N,NSTP010
NSTP055,Z,NSTP010
NSTP064,N,NUMP013
NSTP070,N,N#MS037
NSTP070,N,N#MS050
NSTP070,N,NMAI059
NSTP070,N,NMSA202
NSTP070,N,NSTP014
NSTP070,N,NSTP022
NSTP070,N,NSTP097
NSTP070,N,NSTP129
NSTP070,N,NSTP177
NSTP085,N,N#MS005
NSTP085,Z,N#MS005
NSTP094,N,NSTP194
NSTP094,Z,N#MS045
NSTP097,Z,NMFM301
NSTP106,P,N#MS045
NSTP106,Z,NMST551
NSTP119,N,NSTP149
NSTP119,P,NSTP050
NSTP119,P,NSTP051
NSTP119,Z,N#MS028
NSTP121,Z,NMSA401
NSTP122,Z,NMTP450
NSTP123,Z,NMTP551
NSTP124,N,NSTP001
NSTP124,N,NSTP002
NSTP124,N,NSTP070
NSTP124,N,NSTP097
NSTP124,N,NSTP106
NSTP125,P,NSTP050
NSTP125,Z,NMTP434
NSTP127,Z,NMTP574
NSTP128,N,NSTP228
NSTP128,Z,N#MS047
NSTP129,N,N#MS037
NSTP129,N,NMAI059
NSTP129,N,NSTP014
NSTP129,N,NSTP022
NSTP129,N,NSTP070
NSTP129,N,NSTP177
NSTP129,Z,NMFM202
NSTP129,Z,NSTP022
NSTP132,N,NSTP133
NSTP132,Z,N#MS033
NSTP133,Z,NMTP565
NSTP138,K,NSTP119
NSTP141,N,N#MS016
NSTP141,N,NSTP024
NSTP142,N,NSTP028
NSWI002,P,NSWI003
NSWI002,P,NTIN013
NSWI004,N,NXXX010
NSWI004,N,NXXX014
NSWI004,N,NXXX022
NSWI004,N,NXXX025
NSWI004,N,NXXX026
NSWI004,N,NXXX031
NSWI004,N,NXXX032
NSWI004,N,NXXX035
NSWI004,N,NSWI200
NSWI004,N,NSWX004
NSWI004,N,NXXX010
NSWI004,N,NXXX014
NSWI004,N,NXXX022
NSWI004,N,NXXX025
NSWI004,N,NXXX026
NSWI004,N,NXXX031
NSWI004,N,NXXX032
NSWI004,N,NXXX035
NSWI004,Z,NSWI200
NSWI004,Z,NSWX004
NSWI015,P,NSWI177
NSWI037,K,NSWI036
NSWI043,P,NSWI097
NTIN007,K,NTIN020
NTIN033,N,NXXX036
NTIN033,N,NXXX037
NTIN046,P,NTIN071
NTMF024,K,NTMF021
NTMF047,K,NTMF027
NTMF050,K,NTMF049
NUAS002,N,NUOS009
NUAS003,N,NUOS009
NUAS004,N,NUAS014
NUAS005,N,NUAS015
NUAS005,N,NUOS009
NUAS006,N,NUAS016
NUAS007,N,NUAS017
NUFY018,N,NFUF405
NUFY018,Z,NFUF405
NUFY023,N,NFUF503
NUFY023,Z,NFUF503
NUFY024,Z,NUFY107
NUFY024,Z,NUFY110
NUFY031,K,NUFY030
NUFY036,P,NUFY014
NUFY037,K,NUFY036
NUFY037,P,NUFY014
NUFY046,P,NUFY013
NUFY046,P,NUFY031
NUFY048,K,NUFY047
NUFY050,P,NUFY030
NUFY051,Z,NUFZ020
NUFY051,Z,NUFZ021
NUFY055,P,NUFY021
NUFY055,P,NUFY042
NUFY055,P,NUFY043
NUFY056,N,NFUF401
NUFY056,Z,NFUF401
NUFY059,Z,NUFY021
NUFY070,N,NFUF801
NUFY070,Z,NFUF801
NUFY075,Z,NFUF805
NUFY076,Z,NUFY088
NUFY076,Z,NUFY095
NUMP001,N,NMAA007
NUMP001,N,NMUE002
NUMP001,Z,NMUE002
NUMP001,Z,NMUM101
NUMP002,N,NMAA007
NUMP002,N,NMAA008
NUMP002,N,NMUE002
NUMP002,N,NMUE003
NUMP002,Z,NMUE003
NUMP002,Z,NMUM102
NUMP005,K,NUMP001
NUMP005,K,NUMP002
NUMP005,N,NMUM201
NUMP005,Z,NMUM201
NUMP006,K,NUMP001
NUMP006,K,NUMP002
NUMP009,N,NMUM303
NUMP009,Z,NMUM303
NUMP010,N,NMUM203
NUMP010,Z,NMUM203
NUMP011,N,NMUM204
NUMP011,Z,NMUM204
NUMP012,Z,NUMP021
NUMP013,N,NMUM403
NUMP013,Z,NMUM403
NUMP014,N,NMUM301
NUMP014,Z,NMUM301
NUMP015,N,NMUM305
NUMP015,Z,NMUM305
NUMP017,N,NMUM503
NUMP017,Z,NMUM503
NUMV001,N,NMUM306
NUMV001,Z,NMUM306
NUMV006,K,NUMV005
NUMV043,N,NMUM307
NUMV043,Z,NMUM307
NUMZ004,N,NALG026
NUMZ004,N,NALG027
NUMZ004,N,NMAI019
NUMZ004,N,NMUE004
NUMZ004,N,NUMP007
NUMZ004,Z,NALG026
NUMZ004,Z,NALG027
NUMZ004,Z,NMUE004
NUMZ004,Z,NUMP007
NAIL003,N,NAIL063
NAIL003,N,NLTM030
NAIL003,Z,NAIL063
NAIL003,Z,NLTM030
NAIL004,N,NXXX038
NAIL004,N,NXXX039
NAIL004,N,NXXX040
NAIL004,N,NXXX067
NAIL004,N,NXXX069
NAIL008,P,NAIL019
NAIL008,P,NAIL084
NAIL015,K,NAIL060
NAIL020,P,NAIL010
NAIL023,N,NAIL062
NAIL023,Z,NAIL062
NAIL024,P,NPRG005
NAIL028,N,NXXX038
NAIL028,N,NXXX039
NAIL028,N,NXXX040
NAIL028,N,NXXX067
NAIL028,N,NXXX069
NAIL028,N,NAIL126
NAIL028,Z,NAIL126
NAIL033,P,NAIL023
NAIL052,N,NXXX038
NAIL052,N,NXXX039
NAIL052,N,NXXX040
NAIL052,N,NXXX067
NAIL052,N,NXXX069
NALG003,N,NALG001
NALG003,N,NALG002
NALG003,N,NMAF012
NALG003,N,NMAF031
NALG003,N,NMAF032
NALG003,N,NMAI045
NALG003,N,NUMP003
NALG003,N,NUMP004
NALG003,Z,NALG001
NALG003,Z,NMAF012
NALG003,Z,NMAI045
NALG004,K,NALG003
NALG004,N,NALG002
NALG004,N,NMAF028
NALG004,N,NMAF032
NALG004,N,NMUE025
NALG004,N,NUMP004
NALG004,Z,NALG002
NALG004,Z,NMAF028
NALG004,Z,NMAF032
NALG006,K,NALG027
NALG010,P,NALG017
NALG011,K,NALG103
NALG013,P,NALG027
NALG016,Z,NMAG561
NALG027,K,NALG026
NALG027,P,N#AL300
NALG027,Z,NMAG202
NALG027,Z,NMAI063
NALG052,P,NALG017
NALG058,P,NMAI031
NAST011,K,NAST005
NAST016,K,NAST019
NAST028,K,NAST006
NAST028,K,NAST007
NBCM003,P,NFPL010
NBCM031,N,NBCM165
NBCM031,Z,NBCM165
NBCM035,N,NBCM183
NBCM035,Z,NBCM183
NBCM093,K,NBCM067
NDBI002,N,NDBI025
NDBI002,Z,NDBI025
NDBI005,P,NDBI002
NDBI006,N,NDBI050
NDBI006,Z,NDBI050
NDBI009,P,NDBI025
NDBI011,P,NDBI002
NDBI014,P,NDBI025
NDBI017,P,NDBI025
NDFY001,Z,NDFY049
NDFY001,Z,NDFY050
NDFY025,P,NDFY001
NDGE005,Z,NMUG201
NDIM003,K,NDIM002
NDIN003,Z,NDIN013
NDIR007,K,NDIR006
NDIR008,Z,NMMA463
NDIR010,Z,NMMO532
NDMA006,N,NDMI002
NDMA006,N,NDMA005
NDMI018,N,NXXX007
NDMI018,N,NXXX008
NDMI018,N,NXXX009
NDMI018,N,NXXX036
NDMI018,N,NXXX037
NDMI025,N,NXXX007
NDMI025,N,NXXX008
NDMI025,N,NXXX009
NDMI025,N,NXXX036
NDMI025,N,NXXX037
NDMI030,N,NDMA005
NDMI030,N,NDMA006
NDMI030,N,NDMI002
NDMI030,N,NDMI003
NDMI030,Z,NDMA005
NDMI030,Z,NDMI002
NDMI030,Z,NDMI003
NEKN012,Z,NMSA403
NEVF004,K,NEVF012
NEVF008,N,NEVF058
NEVF011,N,NEVF040
NEVF011,N,NEVF041
NEVF011,N,NEVF042
NEVF011,N,NEVF043
NEVF011,Z,NEVF040
NEVF011,Z,NEVF041
NEVF011,Z,NEVF042
NEVF011,Z,NEVF043
NEVF011,Z,NEVF089
NEVF011,Z,NEVF090
NEVF027,K,NEVF021
NEVF035,K,NEVF002
NEVF035,K,NFPL063
NEVF040,N,NEVF011
NEVF040,N,NEVF042
NEVF040,N,NEVF043
NEVF040,Z,NEVF011
NEVF040,Z,NEVF042
NEVF042,N,NEVF011
NEVF042,N,NEVF040
NEVF042,N,NEVF041
NEVF042,Z,NEVF011
NEVF042,Z,NEVF040
NEVF050,K,NEVF036
NEVF057,P,NEVF015
NEVF058,N,NEVF008
NEVF068,P,N#EVF03
NFAP023,Z,NMFM307
NFPL001,Z,NFPL182
NFPL007,P,NOFY039
NFPL025,N,NFPL012
NFPL036,P,NFPL026
NFYM003,K,NFYM002
NFYM007,P,NMOD012
NFYM012,Z,NFYM014
NFYM012,Z,NFYM015
NGEM008,Z,NMAG463
NGEM027,N,NTMF037
NJSF060,N,NJSF068
NJSF060,Z,NJSF068
NJSF061,K,NJSF060
NJSF061,N,NJSF069
NJSF061,Z,NJSF069
NJSF062,N,NJSF068
NJSF062,Z,NJSF068
NJSF068,N,NJSF145
NJSF068,Z,NJSF145
NJSF069,N,NJSF146
NJSF069,Z,NJSF146
NJSF083,K,NJSF082
NJSF094,N,NBCM110
NJSF094,N,NFPL010
NJSF094,N,NJSF060
NJSF094,N,NOFY042
NJSF094,N,NOFY045
NJSF094,N,NOFY076
NJSF094,N,NTMF066
NJSF094,Z,NOFY076
NJSF094,Z,NTMF066
NJSF095,N,NBCM111
NJSF095,N,NJSF061
NJSF095,N,NOFY046
NJSF095,N,NTMF067
NJSF095,Z,NTMF067
NLTM002,N,NAIL050
NLTM002,Z,NAIL050
NLTM003,N,NMAG575
NLTM003,Z,NMAG575
NLTM006,N,NAIL062
NLTM006,Z,NMAG331
NLTM017,N,NAIL003
NLTM017,N,NUMP016
NMAA068,Z,NMAA069
NMAA068,Z,NMAA070
NMAF012,N,NALG001
NMAF012,N,NALG002
NMAF012,N,NALG003
NMAF012,N,NMAF027
NMAF012,N,NMAF028
NMAF012,N,NMAI043
NMAF012,N,NMAI044
NMAF012,N,NMAI045
NMAF012,N,NMUE024
NMAF012,N,NMUE025
NMAF012,N,NUMP003
NMAF012,N,NUMP004
NMAF012,Z,NALG001
NMAF012,Z,NALG002
NMAF012,Z,NALG003
NMAF012,Z,NALG004
NMAF012,Z,NMAF027
NMAF012,Z,NMAF028
NMAF012,Z,NMAI043
NMAF012,Z,NMAI044
NMAF012,Z,NMAI045
NMAF012,Z,NMUE025
NMAF012,Z,NUMP004
NMAF015,K,NMET008
NMAF015,Z,NMAF045
NMAF015,Z,NMAF046
NMAI010,K,NMAI016
NMAI010,N,NSTP097
NMAI031,K,NMAI019
NMAI031,N,NALG012
NMAI031,N,NALG103
NMAI031,Z,NALG012
NMAI031,Z,NALG103
NMAI046,N,NMAA001
NMAI046,N,NMAA007
NMAI046,N,NMAF033
NMAI046,N,NMAI008
NMAI046,N,NUMP001
NMAI046,Z,NMAA001
NMAI046,Z,NMAA007
NMAI046,Z,NMAF033
NMAI046,Z,NMAI008
NMAI046,Z,NUMP001
NMAI047,K,NMAI046
NMAI047,N,NMAA002
NMAI047,N,NMAA008
NMAI047,N,NMAF034
NMAI047,N,NMAI009
NMAI047,N,NUMP002
NMAI047,Z,NMAA002
NMAI047,Z,NMAA008
NMAI047,Z,NMAF034
NMAI047,Z,NMAI009
NMAI047,Z,NUMP002
NMAN007,N,NEKN012
NMAN007,Z,NEKN012
NMAN007,Z,NMSA336
NMAT039,Z,NMAT018
NMAT039,Z,NMMA335
NMET010,N,NXXX003
NMET023,N,NMET074
NMET023,Z,NMET074
NMET031,N,NXXX003
NMOD009,K,N#MS060
NMOD009,P,N#MS061
NMOD009,P,N#MS062
NMOD009,Z,NMFM310
NMUE011,Z,NUMP008
NMUE021,N,NPRG030
NMUE021,N,NPRM044
NMUE022,N,NAFY008
NMUE022,N,NDGE024
NMUE022,N,NMIN101
NMUE022,N,NMUG103
NMUE022,N,NOFY056
NMUE022,N,NPRF026
NMUE022,N,NPRG030
NMUE022,N,NPRM044
NMUE023,N,NUMP016
NMUE023,Z,NUMP016
NNUM002,N,NMNV405
NNUM002,N,NNUM015
NNUM002,Z,NMNV405
NNUM002,Z,NNUM015
NNUM009,Z,NMNM211
NNUM009,Z,NNUM105
NNUM019,K,NNUM018
NNUM019,Z,NMNV404
NNUM064,Z,NMNV623
NOFY008,Z,NOFY067
NOFY008,Z,NOFY068
NOFY024,P,NOFY066
NOFY025,N,NOFY125
NOFY025,N,NXXX005
NOFY025,N,NXXX006
NOFY025,Z,NOFX025
NOFY025,Z,NOFY125
NOFY027,K,NOFY003
NOFY027,N,NXXX005
NOFY027,N,NXXX006
NOFY027,N,NOFY127
NOFY027,Z,NOFY127
NOFY028,P,NOFY066
NOFY040,N,NBCM071
NOFY040,N,NEVF032
NOFY040,Z,NBCM071
NOFY040,Z,NEVF032
NOFY041,N,NOFY004
NOFY041,Z,NOFY004
NOFY042,N,NFPL010
NOFY042,N,NOFY075
NOFY042,N,NOFY076
NOFY042,N,NUFY031
NOFY042,Z,NFPL010
NOFY042,Z,NUFY031
NOOE004,N,NBCM113
NOOE006,P,NFPL001
NOOE014,N,NOOE015
NOOE014,Z,NOOE015
NOOE015,Z,NOOE014
NOOE021,K,NOFY022
NOOE021,P,NOFY018
NOOE028,K,NOOE027
NOPT013,N,NEKN009
NOPT013,Z,NEKN009
NOPT016,N,NXXX007
NOPT016,N,NXXX008
NOPT016,N,NXXX009
NOPT018,N,NXXX007
NOPT018,N,NXXX008
NOPT018,N,NXXX009
NOPT042,N,NOPX042
NOPT042,N,NXXX007
NOPT042,N,NXXX008
NOPT042,N,NXXX009
NOPT042,N,NXXX038
NOPT042,N,NXXX039
NOPT042,N,NXXX040
NOPT042,N,NXXX067
NOPT042,N,NXXX069
NOPT042,Z,NOPX042
NPED009,P,NPED008
NPED010,Z,NPED029
NPED010,Z,NPED030
NPED012,Z,NPED031
NPED012,Z,NPED032
NPFL021,P,NPFL008
NPFL031,K,NPFL002
NPGR001,N,NPGR040
NPGR001,Z,NPGR040
NPGR002,N,NXXX010
NPGR002,N,NXXX014
NPGR002,N,NXXX016
NPGR002,N,NXXX017
NPGR002,N,NXXX022
NPGR002,N,NXXX023
NPGR002,N,NXXX024
NPGR002,N,NXXX025
NPGR002,N,NXXX026
NPGR002,N,NXXX030
NPGR002,N,NXXX031
NPGR002,N,NXXX047
NPGR002,N,NXXX049
NPGR002,N,NXXX050
NPGR010,N,NXXX010
NPGR010,N,NXXX019
NPGR010,N,NXXX020
NPGR010,N,NXXX021
NPGR010,N,NXXX026
NPGR011,N,NMAI025
NPRG005,N,NXXX015
NPRG005,N,NXXX022
NPRG005,N,NXXX023
NPRG005,N,NXXX024
NPRG005,N,NXXX025
NPRG005,N,NXXX030
NPRG005,N,NXXX031
NPRG005,N,NXXX033
NPRG005,N,NXXX065
NPRG005,N,NPRX005
NPRG005,Z,NPRX005
NPRG008,N,NHII032
NPRG012,P,NPRG004
NPRG012,Z,NPRG029
NPRG017,P,NSWI120
NPRG020,K,NPRG012
NPRG020,N,NPRG032
NPRG020,Z,NPRG032
NPRG021,K,NPRG013
NPRG021,N,NXXX014
NPRG021,N,NXXX016
NPRG021,N,NXXX017
NPRG021,N,NXXX022
NPRG021,N,NXXX023
NPRG021,N,NXXX024
NPRG021,N,NXXX025
NPRG021,N,NXXX030
NPRG021,N,NXXX031
NPRG021,N,NPRX021
NPRG021,Z,NPRX021
NSTP007,Z,NMST537
NSTP021,Z,NMST431
NSTP023,N,NSTP024
NSTP023,N,NSTP141
NSTP118,Z,NMTP545
NSTP134,Z,NMEK615
NSTP135,Z,NMSA601
NSWI003,N,NSWI097
NSWI003,Z,NSWI097
NSWI048,N,NSWI015
NSWI049,P,NDBI025
NSWI050,K,NSWI049
NSWI061,P,NSWI065
NSWI070,P,NSWI035
NSWI074,P,NSWI097
NTIN012,K,NTIN014
NTIN013,N,NTIN071
NTIN013,Z,NTIN071
NTIN020,K,NTIN016
NTIN022,N,NXXX007
NTIN022,N,NXXX008
NTIN022,N,NXXX009
NTIN022,N,NXXX036
NTIN022,N,NXXX037
NTIN022,N,NXXX051
NTIN022,N,NXXX052
NTIN022,N,NXXX053
NTIN023,P,NTIN062
NTIN032,P,NTIN023
NTIN041,K,NTIN040
NTIN045,K,NTIN040
NTIN045,K,NTIN041
NTMF001,P,NBCM067
NTMF002,Z,NBCM067
NTMF003,Z,NJSF040
NTMF003,Z,NTMF043
NTMF003,Z,NTMF044
NTMF006,K,NTMF037
NTMF010,Z,NTMF005
NTMF010,Z,NTMF007
NTMF018,K,NTMF017
NTMF032,K,NTMF031
NTMF038,K,NTMF037
NTMF043,N,NOFY031
NTMF043,Z,NOFY031
NUFY020,N,NFUF501
NUFY020,Z,NFUF501
NUFY027,Z,NUFY081
NUFY027,Z,NUFY092
NUFY035,P,NUFY031
NUFY044,Z,NUFY108
NUFY044,Z,NUFY111
NUFY054,Z,NFUF807
NUFY060,Z,NUFY109
NUFY060,Z,NUFY112
NUFY061,P,NUFY062
NUIN002,Z,NTIN013
NUIN002,Z,NTIN071
NUIN003,Z,NPRG029
NUIN005,N,NSWI003
NUIN005,Z,NSWI097
NUIN010,Z,NDBI002
NUIN010,Z,NDBI025
NUMP003,N,NALG001
NUMP003,N,NALG002
NUMP003,N,NMAI057
NUMP003,N,NMAI058
NUMP003,Z,NALG001
NUMP003,Z,NMUE024
NUMP003,Z,NMUM103
NUMP004,N,NALG002
NUMP004,N,NALG086
NUMP004,N,NMAI058
NUMP004,Z,NALG002
NUMP004,Z,NMUE025
NUMP004,Z,NMUM104
NUMP007,N,NALG026
NUMP007,N,NALG027
NUMP007,N,NMAI019
NUMP007,N,NMUE004
NUMP007,Z,NALG027
NUMP007,Z,NMUE004
NUMP008,N,NMUM208
NUMP008,Z,NMUM208
NUMV017,K,NUMP007
NUMV017,N,NUMV013
NUMV017,N,NUMV014
NUMV018,K,NUMP007
NUMV018,N,NUMV013
NUMV018,N,NUMV014
NALG074,K,NALG015
NBCM100,N,NBCX100
NBCM100,N,NXXX002
NBCM100,N,NXXX004
NBCM100,Z,NBCX100
NDFY031,N,NFUF306
NDFY031,Z,NFUF306
NDFY032,N,NFUF404
NDFY032,Z,NFUF404
NDFY033,N,NFUF407
NDFY033,Z,NFUF407
NDFY038,N,NFUF902
NDFY038,Z,NFUF902
NGEO069,P,NGEO111
NLTM030,N,NAIL063
NMAN011,N,NZZZ067
NMAN011,Z,NZZZ067
NNUM121,K,NNUM021
NNUM121,Z,NMNV534
NSTP144,K,NSTP050
NSTP144,Z,NMSA333
NSTP145,K,NSTP051
NSTP145,Z,NMSA405
NSTP148,Z,NMTP611
NSTP149,Z,NMTP432
NAIL025,N,NXXX038
NAIL025,N,NXXX039
NAIL025,N,NXXX040
NAIL025,N,NXXX067
NAIL025,N,NXXX069
NAIL026,P,NAIL002
NAIL027,K,NAIL002
NALG014,P,NALG013
NALG026,P,N#AL300
NALG026,Z,NALG034
NALG026,Z,NALG087
NALG026,Z,NMAG201
NALG026,Z,NMAI062
NALG063,N,NSWI069
NALG063,Z,NSWI069
NBCM042,K,NBCM041
NBCM042,P,NFPL011
NBCM071,N,NEVF032
NBCM071,Z,NEVF032
NDBI004,N,NDBI012
NDBI004,P,NDBI025
NDBI010,N,NDBI043
NDBI010,Z,NDBI043
NDBI012,N,NDBI004
NDBI015,P,NDBI002
NDMI021,P,NDMI002
NDMI021,P,NDMI011
NDMI026,Z,N#IA018
NEKN025,K,NEKN041
NGEM009,K,NGEM008
NGEM032,Z,NMAG465
NGEM033,Z,NMAG465
NJAZ056,K,NJAZ055
NJAZ057,P,NJAZ056
NJAZ059,K,NJAZ058
NJAZ060,P,NJAZ059
NJAZ062,K,NJAZ061
NJAZ063,P,NJAZ062
NJAZ065,K,NJAZ064
NJAZ066,P,NJAZ065
NMAA038,Z,NGEM002
NMAI016,N,NSTP022
NMAI016,N,NUMP013
NMAI016,Z,NMAI060
NMAI016,Z,NSTP022
NMAI016,Z,NUMP013
NMAI022,K,NMAI021
NNUM043,K,NNUM042
NOOE049,P,NOOE021
NOPT008,N,NXXX007
NOPT008,N,NXXX008
NOPT008,N,NXXX009
NOPT020,P,NOPT016
NOPT020,P,NOPT018
NPFL028,P,NPFL012
NPFL029,P,NPFL026
NPFL030,P,NPFL012
NPRG013,N,NXXX022
NPRG013,N,NXXX023
NPRG013,N,NXXX024
NPRG013,N,NXXX025
NPRG013,N,NXXX030
NPRG013,N,NXXX031
NPRG013,N,NXXX033
NPRG013,N,NXXX065
NPRG013,N,NPRX013
NPRG013,N,NPRX013
NPRG013,N,NXXX022
NPRG013,N,NXXX023
NPRG013,N,NXXX024
NPRG013,N,NXXX025
NPRG013,N,NXXX030
NPRG013,N,NXXX031
NPRG013,N,NXXX033
NPRG013,N,NXXX065
NPRG013,P,NPRG031
NPRG013,Z,NPRX013
NPRG013,Z,NPRX013
NPRM009,N,NINF001
NPRM009,N,NSWI008
NSTP012,N,NSTP013
NSTP012,Z,N#MS035
NSTP022,K,NMAA069
NSTP022,N,N#MS037
NSTP022,N,NMAI059
NSTP022,N,NSTP014
NSTP022,N,NSTP070
NSTP022,N,NSTP177
NSTP022,P,N#AA300
NSTP022,Z,NMSA202
NSTP126,K,N#MS052
NSTP126,N,NSTP196
NSTP126,P,N#MS049
NSTP126,P,N#MS051
NSTP126,Z,N#MS046
NSTP139,Z,NMTP539
NSWI051,K,NSWI044
NSWI053,P,NPRG032
NSWI064,P,NSWI021
NSWI071,K,NSWI089
NSWI073,K,NSWI021
NSWI073,K,NSWI045
NTIN039,P,NTIN076
NUMV045,K,NUMV015
NUMZ007,K,NUMZ006
NUMZ008,N,NSTP064
NUOS002,N,NSTP004
NUOS002,Z,NSTP004
NALG071,P,NALG027
NALG072,K,NALG071
NALG072,P,NALG027
NPRG024,K,N#IA023
NALG077,Z,NMAG531
NALG078,P,NALG027
NALG080,Z,NMMB551
NDBI021,N,NXXX010
NDBI021,N,NXXX026
NDBI021,N,NXXX027
NDBI021,N,NXXX028
NDBI021,N,NXXX029
NDBI021,N,NXXX032
NDBI021,N,NXXX068
NDBI022,P,NDBI025
NEKN027,Z,NMEK603
NEKN028,Z,NMEK603
NEKN029,Z,NMEK611
NEKN031,Z,NMEK613
NEKN032,Z,NMEK613
NEVF510,Z,NEVF521
NEVF510,Z,NEVF527
NEVF511,Z,NEVF522
NEVF511,Z,NEVF528
NEVF512,Z,NEVF523
NEVF512,Z,NEVF529
NEVF513,Z,NEVF524
NEVF513,Z,NEVF530
NFAP036,Z,NMFM615
NFAP037,Z,NMFM616
NFAP040,Z,NMFM601
NFAP041,Z,NMFM601
NSTP151,Z,NMST605
NSTP152,Z,NMST605
NSTP153,N,NMTP432
NSTP153,N,NSTP149
NSTP153,Z,NMTP432
NSTP153,Z,NSTP149
NSTP154,K,NSTP005
NSTP154,Z,NMST543
NSTP155,Z,NMTP613
NSTP156,Z,NMTP614
NSTP157,Z,NMTP537
NSWI080,N,NXXX010
NSWI080,N,NXXX026
NSWI080,N,NXXX027
NSWI080,N,NXXX028
NSWI080,N,NXXX029
NSWI080,N,NXXX032
NSWI080,N,NXXX034
NSWI080,N,NXXX035
NSWI080,N,NXXX068
NSWI083,P,NSWI071
NBCM074,P,NBCM035
NOOE044,P,NOOE021
NALG083,Z,NMAG444
NFAP042,Z,NMFM537
NMAI052,K,NMAI043
NMAI052,K,NMAI044
NMAI053,K,NMAI043
NMAI053,K,NMAI044
NMAI053,K,NMAI052
NPFL049,P,NDMI011
NPFL049,P,NPRG005
NPFL049,P,NTIN013
NPGR013,K,NPGR002
NSTP160,Z,NMTP576
NSWI086,K,NPRG012
NAST029,P,NAST006
NAST029,P,NAST007
NDMA002,N,NDMI012
NDMA002,N,NDMI032
NDMA002,Z,NDMI012
NDMA002,Z,NDMI032
NHIF002,N,NHIF070
NHIF002,N,NHIF080
NHIF002,N,NUFY011
NHIF002,N,NUFY012
NHIF002,N,NUFY025
NHIF002,N,NUFY063
NHIF002,Z,NUFY025
NHIF002,Z,NUFY063
NHIF029,N,NHII010
NHIF029,N,NHIM137
NHIF029,N,NHIU036
NHIF029,N,NHIU103
NHIF029,N,NPRF026
NHIF029,N,NPRF027
NHIF029,N,NPRG004
NHIF029,N,NPRM001
NHIF029,N,NPRM018
NHIF029,N,NUMZ001
NHIF029,Z,NHII010
NHIF029,Z,NHIU103
NHIF029,Z,NPRF026
NHIF029,Z,NPRF027
NHIF029,Z,NPRG004
NHIF029,Z,NPRM018
NHIF029,Z,NUMZ001
NHII059,N,NAIL023
NHII059,Z,NAIL023
NHII083,Z,NOPT032
NINF001,N,NSWI065
NINF001,Z,NSWI065
NLTM008,N,NAIL012
NLTM008,Z,NAIL012
NMAA020,Z,NMAA021
NMAA020,Z,NMAA033
NMAI017,N,NMAI042
NMAI017,Z,NMAI042
NMET022,Z,NMET023
NPOZ012,N,NLTM027
NPOZ012,Z,NLTM027
NPOZ013,N,NLTM027
NPOZ013,Z,NLTM027
NPRM018,N,NPRM001
NPRM018,Z,NHIF029
NPRM018,Z,NHIU083
NPRM018,Z,NPRF027
NPRM018,Z,NPRG004
NPRM026,N,NPRM001
NRFA009,Z,NRFA006
NSWI069,N,NALG063
NSWI069,Z,NALG063
NSZI013,Z,NSZI015
NSZM006,N,NSZM038
NAIL060,N,NXXX038
NAIL060,N,NXXX039
NAIL060,N,NXXX040
NAIL060,N,NXXX067
NAIL060,N,NXXX069
NAIL061,K,NAIL028
NAIL062,N,NXXX015
NAIL062,N,NXXX022
NAIL062,N,NXXX023
NAIL062,N,NXXX024
NAIL062,N,NXXX025
NAIL062,N,NXXX030
NAIL062,N,NXXX031
NAIL062,N,NXXX033
NAIL062,N,NAIX062
NAIL062,Z,NAIX062
NAIL063,N,NLTM030
NAIL063,N,NMIN160
NAIL063,Z,NMIN160
NAIL065,N,NXXX038
NAIL065,N,NXXX039
NAIL065,N,NXXX040
NAIL065,N,NXXX067
NAIL065,N,NXXX069
NALG086,N,NMAI057
NALG086,N,NMAI058
NALG086,Z,NALG002
NALG087,Z,NALG026
NALG087,Z,NALG034
NALG087,Z,NMAI062
NALG090,K,NALG087
NALG090,Z,NMAG303
NBCM113,Z,NBCM177
NDBI023,N,NXXX027
NDBI023,N,NXXX028
NDBI023,N,NXXX029
NDBI023,N,NXXX032
NDBI023,N,NXXX038
NDBI023,N,NXXX039
NDBI023,N,NXXX040
NDBI023,N,NXXX067
NDBI023,N,NXXX068
NDBI023,N,NXXX069
NDBI025,N,NXXX015
NDBI025,N,NXXX022
NDBI025,N,NXXX023
NDBI025,N,NXXX024
NDBI025,N,NXXX025
NDBI025,N,NXXX030
NDBI025,N,NXXX031
NDBI025,N,NXXX033
NDBI025,N,NXXX065
NDBI025,N,NDBX025
NDBI025,Z,NDBX025
NDBI026,P,NDBI025
NDFY041,Z,NDFY051
NDFY041,Z,NDFY053
NDFY043,N,NFUF403
NDFY043,Z,NFUF403
NDFY044,N,NFUF502
NDFY044,Z,NFUF502
NDFY045,N,NFUF402
NDFY045,Z,NFUF402
NDFY046,N,NFUF406
NDFY046,Z,NFUF406
NDIN010,Z,NDIN014
NDIN011,N,NDIX011
NDIN011,Z,NDIX011
NDIR020,N,NMMA333
NDIR020,Z,NMMA333
NEKN035,K,NEKN012
NEKN035,Z,NMSA403
NEKN036,K,NEKN026
NEKN036,Z,NMEK532
NEVF119,N,NEVF170
NEVF119,Z,NEVF170
NEVF133,Z,NEVF151
NEVF133,Z,NEVF154
NEVF135,Z,NOFY086
NEVF142,Z,NEVF152
NEVF142,Z,NEVF153
NEVF519,Z,NEVF525
NEVF519,Z,NEVF531
NEVF520,Z,NEVF526
NEVF520,Z,NEVF532
NFAP044,K,NFAP035
NFAP044,Z,NMFM431
NFPL182,Z,NFPL001
NGEO081,P,NGEO076
NMAA069,P,N#AA303
NMAA069,Z,NMMA203
NMAA070,P,N#AA303
NMAA070,Z,NMMA203
NMAA071,N,NMAA001
NMAA071,N,NMAF033
NMAA071,N,NMAI008
NMAA071,N,NUMP001
NMAA071,Z,NMAA001
NMAA071,Z,NMMA111
NMAA072,Z,NMAA002
NMAA072,Z,NMMA112
NMAA073,N,NMAA003
NMAA073,P,N#AA304
NMAA073,Z,NMMA211
NMAA074,N,NMAA004
NMAA074,P,N#AA303
NMAA074,Z,NMMA212
NMAF042,Z,NMAF061
NMAF043,Z,NMAF062
NMAI055,N,NMAX055
NMAI055,Z,NMAX055
NMAI056,K,NMAI054
NMAI056,N,NXXX014
NMAI056,N,NXXX015
NMAI056,N,NXXX016
NMAI056,N,NXXX017
NMAI056,N,NXXX022
NMAI056,N,NXXX023
NMAI056,N,NXXX024
NMAI056,N,NXXX025
NMAI056,N,NXXX033
NMAI056,N,NMAX056
NMAI056,Z,NMAX056
NMAI059,N,NXXX015
NMAI059,N,NXXX022
NMAI059,N,NXXX023
NMAI059,N,NXXX024
NMAI059,N,NXXX025
NMAI059,N,NXXX030
NMAI059,N,NXXX031
NMAI059,N,NXXX033
NMAI059,N,NXXX041
NMAI059,N,NXXX043
NMAI059,N,NXXX044
NMAI059,N,NMAX059
NMAI059,Z,NMAX059
NMAI062,N,NALG026
NMAI062,N,NXXX015
NMAI062,N,NXXX022
NMAI062,N,NXXX023
NMAI062,N,NXXX024
NMAI062,N,NXXX025
NMAI062,N,NXXX030
NMAI062,N,NXXX031
NMAI062,N,NXXX033
NMAI062,N,NMAX062
NMAI062,Z,NMAX062
NMAI063,K,NMAI062
NMAI063,N,NXXX014
NMAI063,N,NXXX015
NMAI063,N,NXXX016
NMAI063,N,NXXX017
NMAI063,N,NXXX033
NMAI063,N,NALG027
NMAI063,N,NMAI076
NMAI063,N,NMAX063
NMAI063,N,NXXX014
NMAI063,N,NXXX015
NMAI063,N,NXXX016
NMAI063,N,NXXX017
NMAI063,N,NXXX033
NMAI063,Z,NMAI076
NMAI063,Z,NMAX063
NMAI064,N,NXXX007
NMAI064,N,NXXX008
NMAI064,N,NXXX009
NMIB001,Z,NMMB206
NMIB003,Z,NMMB204
NMIB005,Z,NMMB305
NMIB006,Z,NMMB301
NMIB007,K,NMIB006
NMIB007,Z,NMMB302
NMIB008,Z,NMMB303
NMIB009,Z,NMMB532
NMIB010,N,NMMB462
NMIB010,Z,NMMB462
NMIB011,Z,NMMB404
NMIB014,Z,NMMB402
NMIB015,Z,NMMB538
NMIB016,Z,NMMB501
NMIB019,K,NMIB004
NMIB020,P,NALG087
NNUM105,N,NNUM009
NNUM105,P,N#MP117
NNUM105,Z,NMNM201
NOPT046,N,NXXX014
NOPT046,N,NXXX015
NOPT046,N,NXXX016
NOPT046,N,NXXX017
NOPT046,N,NXXX022
NOPT046,N,NXXX023
NOPT046,N,NXXX024
NOPT046,N,NXXX025
NOPT046,N,NXXX033
NOPT046,N,NOPX046
NOPT046,Z,NOPX046
NPED024,Z,NPED033
NPED025,Z,NPED031
NPED025,Z,NPED032
NPED026,Z,NPED027
NPED026,Z,NPED028
NPFL057,K,NPFL056
NPGR015,N,NMAI025
NPGR015,N,NPGR011
NPGR015,Z,NPGR011
NPRG029,Z,NPRG041
NPRG030,K,NPRG062
NPRG030,N,NXXX015
NPRG030,N,NXXX022
NPRG030,N,NXXX023
NPRG030,N,NXXX024
NPRG030,N,NXXX025
NPRG030,N,NXXX030
NPRG030,N,NXXX031
NPRG030,N,NXXX033
NPRG030,N,NXXX065
NPRG030,N,NMIN101
NPRG030,N,NMIN111
NPRG030,N,NPRX030
NPRG030,N,NXXX015
NPRG030,N,NXXX022
NPRG030,N,NXXX023
NPRG030,N,NXXX024
NPRG030,N,NXXX025
NPRG030,N,NXXX030
NPRG030,N,NXXX031
NPRG030,N,NXXX033
NPRG030,N,NXXX065
NPRG030,Z,NPRX030
NPRG031,K,NPRG030
NPRG032,P,NPRG029
NPRG033,N,NPRG045
NPRG033,Z,NPRG045
NPRG034,K,NPRG033
NPRG034,N,NPRG045
NPRG034,Z,NPRG046
NSTP163,Z,NMTP532
NSTP164,K,NSTP013
NSTP164,Z,NMST541
NSTP165,K,NSTP007
NSTP165,Z,NMST537
NSTP166,K,NSTP027
NSTP166,Z,NMST438
NSTP167,K,NSTP141
NSTP168,K,NSTP149
NSTP168,Z,NMTP432
NSTP169,K,NSTP133
NSTP169,Z,NMTP565
NSTP170,K,NSTP142
NSWI087,Z,NSWI120
NSWI088,P,NSWI097
NSWI092,P,NSWI120
NSWI093,K,NSWI045
NSWI095,N,NXXX015
NSWI095,N,NXXX022
NSWI095,N,NXXX023
NSWI095,N,NXXX024
NSWI095,N,NXXX025
NSWI095,N,NXXX030
NSWI095,N,NXXX031
NSWI095,N,NXXX033
NSWI095,N,NXXX065
NSWI095,Z,NSWI177
NSWI097,Z,NSWI120
NSWI098,P,NTIN071
NSZZ026,N,NSZZ031
NSZZ026,Z,NSZZ031
NTIN061,N,NXXX015
NTIN061,N,NXXX022
NTIN061,N,NXXX023
NTIN061,N,NXXX024
NTIN061,N,NXXX025
NTIN061,N,NXXX030
NTIN061,N,NXXX031
NTIN061,N,NXXX033
NTIN061,N,NXXX065
NTIN061,N,NTIX061
NTIN061,Z,NTIX061
NTIN062,Z,NTIN090
NTIN063,K,NTIN062
NTIN063,N,NXXX007
NTIN063,N,NXXX008
NTIN063,N,NXXX009
NTIN063,N,NXXX036
NTIN063,N,NXXX037
NTIN064,P,NTIN090
NTIN065,K,NTIN064
NTIN066,N,NTIX066
NTIN066,Z,NTIX066
NTIN067,K,NTIN066
NTIN071,N,NXXX015
NTIN071,N,NXXX022
NTIN071,N,NXXX023
NTIN071,N,NXXX024
NTIN071,N,NXXX025
NTIN071,N,NXXX030
NTIN071,N,NXXX031
NTIN071,N,NXXX033
NTIN071,N,NXXX065
NTIN071,N,NTIX071
NTIN071,Z,NTIX071
NUFY080,Z,NFUF101
NUFY081,N,NUFY027
NUFY081,Z,NFUF804
NUFY081,Z,NUFY027
NUFY082,Z,NFUF303
NUFY083,Z,NFUF806
NUFY087,Z,NUFY105
NUFY087,Z,NUFY106
NUFY088,Z,NUFY076
NUFY092,Z,NFUF106
NUFY094,N,NFUF302
NUFY094,Z,NFUF302
NUFY095,Z,NUFY076
NUFY096,Z,NFUF205
NUFY097,N,NFUF304
NUFY097,Z,NFUF304
NUFY099,N,NUFY999
NUFY099,Z,NUFY999
NUFY100,N,NFUF204
NUFY100,Z,NFUF204
NUFY101,Z,NFUF103
NUFY102,Z,NFUF201
NUFY103,N,NFUF301
NUFY103,Z,NFUF301
NUFY104,N,NFUF401
NUFY104,Z,NFUF401
NUFZ007,Z,NUFZ018
NUFZ007,Z,NUFZ019
NUFZ008,Z,NUFZ020
NUFZ008,Z,NUFZ021
NUIN015,N,NUIN009
NUIN015,Z,NUIN009
NUIN016,N,NUIN009
NUIN016,Z,NUIN009
NUMP019,Z,NALG034
NUMP019,Z,NALG087
NUMP019,Z,NMAI062
NUMP019,Z,NMUE033
NUMP019,Z,NMUM206
NUMP019,Z,NUMZ010
NUMP019,N,NALG026
NUMP019,N,NALG027
NUMP019,N,NALG034
NUMP019,N,NALG087
NUMP019,N,NMAI062
NUMP019,N,NMUE033
NUMP019,N,NMUM206
NUMP019,N,NUMZ010
NUMP019,Z,NALG026
NUMP019,Z,NALG027
NUMP020,N,NALG027
NUMP020,N,NMAI063
NUMP020,N,NMUM501
NUMP020,Z,NALG027
NUMP020,Z,NMUM501
NDIR021,Z,NMMA407
NDIR045,Z,NMMA405
NMIB004,Z,NMMB304
NMIB013,Z,NMAG436
NMIB017,Z,NMMB437
NMOD038,Z,NMNV627
NRFA050,Z,NMMA401
NZZZ278,Z,MS710S11A
NZZZ279,Z,MS710S11B
NAIL068,N,NXXX019
NAIL068,N,NXXX020
NAIL068,N,NXXX021
NAIL068,N,NXXX038
NAIL068,N,NXXX039
NAIL068,N,NXXX040
NAIL068,N,NXXX067
NAIL068,N,NXXX069
NALG103,Z,NMAG405
NALG104,P,NALG103
NALG104,Z,NMAG450
NBCM122,N,NXXX002
NBCM122,N,NXXX004
NDFY050,N,NDFY001
NDFY050,Z,NDFY001
NDGE023,N,NMUG302
NDGE023,Z,NMUG302
NDIN013,Z,NDIN015
NDIR057,Z,NMMO402
NDIR139,N,NDIR039
NDIR239,K,NDIR139
NDIR239,N,NDIR039
NDMI065,N,NXXX007
NDMI065,N,NXXX008
NDMI065,N,NXXX009
NEVF091,N,NEVF078
NEVF091,Z,NEVF078
NEVF092,N,NEVF078
NEVF092,Z,NEVF078
NEVF093,N,NEVF079
NEVF093,Z,NEVF079
NEVF094,N,NEVF079
NEVF094,Z,NEVF079
NEVF521,N,NEVF510
NEVF521,Z,NEVF510
NEVF522,N,NEVF511
NEVF522,Z,NEVF511
NEVF528,N,NEVF511
NEVF528,Z,NEVF511
NGEO087,P,NGEO086
NMAI065,P,NMAI064
NMIB021,Z,NMMB452
NMOD101,Z,NMNV537
NMOD105,Z,NMNV541
NMOD201,Z,NMNV538
NMOD205,Z,NMNV542
NMUE032,K,NMUE012
NMUE032,N,N#MS006
NMUE032,N,N#MS050
NMUE032,N,NMAI059
NMUE032,N,NSTP014
NMUE032,N,NSTP017
NMUE032,N,NSTP022
NMUE032,N,NSTP070
NMUE032,N,NSTP097
NMUE032,N,NSTP129
NMUE032,N,NSTP177
NMUE032,N,NUMP023
NMUE032,Z,NUMP023
NMUE033,N,NALG026
NMUE033,N,NALG027
NMUE033,N,NALG087
NMUE033,N,NUMP019
NMUE033,N,NUMZ010
NMUE033,Z,NALG026
NMUE033,Z,NALG027
NMUE033,Z,NALG087
NMUE033,Z,NMAI063
NMUE033,Z,NMUM206
NMUE033,Z,NUMP019
NMUE033,Z,NUMZ010
NNUM112,Z,NMNV536
NNUM113,Z,NMNV571
NNUM139,Z,NMNV566
NNUM200,Z,NMNV561
NNUM212,K,NNUM112
NNUM213,Z,NMNV466
NNUM239,Z,NMNV566
NNUM300,Z,NMNV562
NPED027,N,NPED006
NPED027,N,NPED026
NPED027,Z,NPED006
NPED027,Z,NPED026
NPED028,N,NPED006
NPED028,N,NPED026
NPED028,Z,NPED006
NPED028,Z,NPED026
NPED033,N,NMUM807
NPED033,N,NPED024
NPED033,Z,NMUM807
NPED033,Z,NPED024
NPED033,Z,NPEP403
NPFL059,K,NPFL058
NPFL061,N,NDBI020
NPFL061,Z,NDBI020
NPFL062,K,NPFL061
NPFL062,N,NDBI020
NPFL062,Z,NDBI020
NPFL066,K,NPFL065
NPGR017,K,NPGR003
NPGR018,K,NPGR017
NPRG035,N,NXXX022
NPRG035,N,NXXX023
NPRG035,N,NXXX024
NPRG035,N,NXXX025
NPRG035,N,NXXX030
NPRG035,N,NXXX031
NPRG035,N,NXXX033
NPRG035,N,NXXX065
NPRG035,N,NPRX035
NPRG035,N,NPRX035
NPRG035,N,NXXX022
NPRG035,N,NXXX023
NPRG035,N,NXXX024
NPRG035,N,NXXX025
NPRG035,N,NXXX030
NPRG035,N,NXXX031
NPRG035,N,NXXX033
NPRG035,N,NXXX065
NPRG035,P,NPRG031
NPRG035,Z,NPRX035
NPRG035,Z,NPRX035
NPRG036,N,NXXX014
NPRG036,N,NXXX015
NPRG036,N,NXXX016
NPRG036,N,NXXX017
NPRG036,N,NXXX022
NPRG036,N,NXXX023
NPRG036,N,NXXX024
NPRG036,N,NXXX025
NPRG036,N,NXXX030
NPRG036,N,NXXX031
NPRG036,N,NXXX033
NPRG036,N,NPRX036
NPRG036,Z,NPRX036
NPRG037,N,NXXX038
NPRG037,N,NXXX039
NPRG037,N,NXXX040
NPRG037,N,NXXX067
NPRG037,N,NXXX069
NPRG037,N,NPRX037
NPRG037,Z,NPRX037
NPRM044,N,NDGE024
NPRM044,N,NPRG030
NPRM044,Z,NDGE024
NPRM044,Z,NMIN101
NPRM044,Z,NPRG030
NPRM045,N,NDGE025
NPRM045,N,NPRG031
NPRM045,Z,NDGE025
NPRM045,Z,NMIN102
NPRM045,Z,NPRG031
NPRM046,N,NPRG005
NSWI102,K,NSWI093
NSWI105,P,NPRG031
NSZZ027,Z,NSZB002
NSZZ027,Z,NSZB007
NSZZ027,Z,NSZB011
NTIN076,K,NTIN075
NUAS013,N,NUOS009
NUAS014,N,NUAS004
NUAS018,K,NSWI096
NUAS020,N,NUOS009
NUMP023,K,NUMP013
NUMP023,N,NMUM404
NUMP023,Z,NMUM404
NUMZ010,N,NMUM105
NUMZ010,Z,NMUM105
NUMZ011,N,NMUM206
NUMZ011,Z,NMUM206
NBCM081,P,NBCM074
NBCM081,P,NBCM075
NMET016,Z,NMET035
NBCM111,Z,NOFY079
NDIR051,Z,NMMA531
NMAT091,N,NMAG467
NMAT091,Z,NMAG467
NMIB002,Z,NMMB405
NPGR014,N,NMAI025
NPGR014,N,NMUE005
NPGR014,N,NMUE006
NPGR014,N,NUMP010
NPGR014,N,NUMP011
NPGR014,Z,NMAI025
NRFA051,Z,NMMA401
NRFA054,Z,NMMA402
NSWI091,P,NSWI109
NAIL067,K,NAIL066
NAIL075,K,NAIL054
NDGE020,N,NMUG401
NDGE020,Z,NMUG401
NDGE021,N,NMUG402
NDGE021,Z,NMUG402
NDGE022,N,NMUG301
NDGE022,Z,NMUG301
NEVF089,N,NEVF011
NEVF089,N,NEVF040
NEVF089,N,NEVF041
NEVF089,N,NEVF042
NEVF089,N,NEVF043
NEVF089,Z,NEVF011
NEVF089,Z,NEVF040
NEVF089,Z,NEVF041
NEVF089,Z,NEVF042
NEVF089,Z,NEVF043
NMOD104,N,NMNM334
NMOD204,K,NMOD104
NMOD204,N,NMNM334
NPED034,N,NMUM805
NPED034,N,NPEP401
NPED034,Z,NMUM805
NPED034,Z,NPEP401
NPED035,N,NMUM806
NPED035,N,NPEP402
NPED035,Z,NMUM806
NPED035,Z,NPEP402
NPFL070,N,NXXX011
NPFL070,N,NXXX012
NPFL070,N,NXXX013
NPFL070,N,NXXX070
NPFL070,N,NXXX071
NSWI101,N,NXXX010
NSWI101,N,NXXX026
NSWI101,N,NXXX027
NSWI101,N,NXXX028
NSWI101,N,NXXX029
NSWI101,N,NXXX032
NSWI101,N,NXXX034
NSWI101,N,NXXX035
NSWI101,N,NXXX068
NTIN081,K,NTIN063
NUAS016,N,NUAS006
NUFY105,N,NUFY087
NUFY106,N,NUFY087
NUFY106,P,NUFY105
NUFY106,Z,NPEP604
NUFY108,N,NUFY044
NUFY108,Z,NUFY044
NUFY111,N,NUFY044
NUFY111,Z,NUFY044
NUFZ018,N,NPRF028
NUFZ018,N,NUFZ007
NUFZ018,Z,NPRF028
NUFZ018,Z,NUFZ007
NUFZ019,N,NPRF028
NUFZ019,N,NUFZ007
NUFZ019,Z,NPRF028
NUFZ019,Z,NUFZ007
NUFZ020,N,NUFY051
NUFZ020,N,NUFZ008
NUFZ020,Z,NUFY051
NUFZ020,Z,NUFZ008
NUFZ021,N,NUFY051
NUFZ021,N,NUFZ008
NUFZ021,Z,NUFY051
NUFZ021,Z,NUFZ008
NUMZ012,Z,NMUM106
NUMZ013,Z,NMUM205
NALG105,K,NALG103
NALG107,Z,NMAG621
NDBI030,P,NDBI007
NDBI030,P,NDBI025
NDIR240,Z,NMMA621
NDIR241,Z,NMMA622
NDIR244,P,NDIR242
NDMI068,P,NDMI011
NDMI069,P,NDMI011
NMET061,N,NXXX003
NMET062,N,NXXX003
NPFL074,K,NPFL073
NPRG038,K,NPRG035
NPRG038,N,NXXX014
NPRG038,N,NXXX015
NPRG038,N,NXXX016
NPRG038,N,NXXX017
NPRG038,N,NXXX022
NPRG038,N,NXXX023
NPRG038,N,NXXX024
NPRG038,N,NXXX025
NPRG038,N,NXXX030
NPRG038,N,NXXX031
NPRG038,N,NXXX033
NPRG038,N,NPRX038
NPRG038,Z,NPRX038
NSTP175,Z,NMFM535
NSTP176,K,NDIR041
NSTP176,Z,NMTP562
NSTP178,Z,NMST611
NSWI107,P,NDBI010
NSWI107,P,NPRG013
NSWI110,P,NPRG032
NSWI111,K,NSWI045
NDMI019,N,NDMI035
NDMI019,Z,NDMI035
NPFL054,N,NPFL129
NPFL054,Z,NPFL129
NAIL069,N,NXXX019
NAIL069,N,NXXX020
NAIL069,N,NXXX021
NAIL069,N,NXXX038
NAIL069,N,NXXX039
NAIL069,N,NXXX040
NAIL069,N,NXXX067
NAIL069,N,NXXX069
NAIL077,K,NAIL076
NAIL078,N,NXXX038
NAIL078,N,NXXX039
NAIL078,N,NXXX040
NAIL078,N,NXXX067
NAIL078,N,NXXX069
NAIL079,K,NAIL078
NEVF090,N,NEVF011
NEVF090,N,NEVF040
NEVF090,N,NEVF041
NEVF090,N,NEVF042
NEVF090,N,NEVF043
NEVF090,Z,NEVF011
NEVF090,Z,NEVF040
NEVF090,Z,NEVF041
NEVF090,Z,NEVF042
NEVF090,Z,NEVF043
NGEM036,P,NGEM011
NGEM036,Z,NMAG566
NMAF045,K,NMET008
NMAF045,N,NMAF015
NMAF045,Z,NMAF015
NMAF046,K,NMET008
NMAF046,N,NMAF015
NMAF046,Z,NMAF015
NPED031,N,NPED012
NPED031,N,NPED025
NPED031,Z,NPED012
NPED031,Z,NPED025
NPED032,N,NPED012
NPED032,N,NPED025
NPED032,Z,NPED012
NPED032,Z,NPED025
NPFL063,N,NXXX011
NPFL063,N,NXXX012
NPFL063,N,NXXX013
NPFL063,N,NXXX014
NPFL063,N,NXXX016
NPFL063,N,NXXX017
NPFL063,N,NXXX070
NPFL063,N,NXXX071
NPFL064,K,NPFL063
NPFL067,N,NXXX011
NPFL067,N,NXXX012
NPFL067,N,NXXX013
NPFL067,N,NXXX038
NPFL067,N,NXXX039
NPFL067,N,NXXX040
NPFL067,N,NXXX067
NPFL067,N,NXXX069
NPFL067,N,NXXX070
NPFL067,N,NXXX071
NPFL068,K,NPFL067
NPFL068,N,NXXX011
NPFL068,N,NXXX012
NPFL068,N,NXXX013
NPFL068,N,NXXX038
NPFL068,N,NXXX039
NPFL068,N,NXXX040
NPFL068,N,NXXX067
NPFL068,N,NXXX069
NPFL068,N,NXXX070
NPFL068,N,NXXX071
NPFL072,K,NPFL071
NRFA070,K,NRFA006
NSTP172,Z,NMST535
NTIN073,P,NTIN064
NTIN074,K,NTIN073
NUAS015,N,NUAS005
NAIL081,K,NAIL059
NMOD207,Z,NMMO461
NPFL075,N,NPFX075
NPFL075,N,NXXX011
NPFL075,N,NXXX012
NPFL075,N,NXXX013
NPFL075,N,NXXX070
NPFL075,N,NXXX071
NPFL075,Z,NPFX075
NSTP177,N,N#MS037
NSTP177,N,N#MS050
NSTP177,N,NMAI059
NSTP177,N,NMSA202
NSTP177,N,NSTP014
NSTP177,N,NSTP022
NSTP177,N,NSTP070
NSTP177,N,NSTP129
NALG034,P,N#AL301
NALG034,Z,N#IA001
NALG034,Z,NMAI062
NALG051,Z,NMMB453
NALG109,Z,NMAG435
NALG112,Z,NMAG451
NFAP045,Z,NMFM303
NFAP046,Z,NMFM304
NJAZ076,Z,NJAZ091
NJAZ077,Z,NJAZ091
NMET067,N,NXXX003
NMOD040,Z,NMMO404
NPFL076,K,NPFL070
NPGR021,N,NPGX021
NPGR021,N,NXXX050
NPGR021,N,NXXX019
NPGR021,N,NXXX020
NPGR021,N,NXXX021
NPGR021,Z,NPGX021
NSTP179,Z,NMST436
NSTP182,K,NSTP181
NSTP185,Z,NMFM614
NSTP186,Z,NMTP462
NSTP187,Z,NMTP578
NSTP189,Z,NMSA600
NSWI113,P,NPRG032
NSWI114,K,NSWI110
NSWI114,P,NPRG032
NSWI115,N,NCGD001
NSWI115,Z,NCGD001
NSWI116,P,NSWI140
NSZU006,Z,NSZU010
NTIN084,N,NXXX036
NTIN084,N,NXXX037
NTIN085,N,NXXX036
NTIN085,N,NXXX037
NTIN086,N,NXXX036
NTIN086,N,NXXX037
NFYM014,N,NFYM012
NFYM014,Z,NFYM012
NFYM015,N,NFYM012
NFYM015,Z,NFYM012
NGEM037,P,NGEM034
NJSF107,N,NJSF045
NJSF107,Z,NJSF045
NJSF108,N,NJSF045
NJSF108,Z,NJSF045
NMOD206,Z,NMMO461
NAIL086,K,NAIL025
NAIL086,N,NAIX086
NAIL086,N,NXXX038
NAIL086,N,NXXX039
NAIL086,N,NXXX040
NAIL086,N,NXXX067
NAIL086,N,NXXX069
NAIL086,Z,NAIX086
NDBI031,N,NXXX038
NDBI031,N,NXXX039
NDBI031,N,NXXX040
NDBI031,N,NXXX067
NDBI031,N,NXXX069
NALG117,Z,NMAG563
NDIR066,Z,NMMO536
NDIR142,Z,NMMO621
NDIR143,Z,NMMO622
NGEO093,K,NMAF001
NMOD042,Z,NMMO539
NMOD043,Z,NMMO541
NMOD140,Z,NMMO623
NNUM067,Z,NMNV436
NNUM069,Z,NMNV540
NNUM070,Z,NMNV621
NNUM083,Z,NMNV622
NPRG041,N,NPRX041
NPRG041,N,NXXX022
NPRG041,N,NXXX023
NPRG041,N,NXXX024
NPRG041,N,NXXX025
NPRG041,N,NXXX030
NPRG041,N,NXXX031
NPRG041,N,NXXX033
NPRG041,N,NXXX065
NPRG041,P,N#IA024
NPRG041,P,N#IA028
NPRG041,Z,NPRX041
NPRG043,N,NXXX010
NPRG043,N,NXXX019
NPRG043,N,NXXX020
NPRG043,N,NXXX021
NPRG043,N,NXXX026
NPRG043,N,NXXX027
NPRG043,N,NXXX028
NPRG043,N,NXXX029
NPRG043,N,NXXX032
NPRG043,N,NXXX034
NPRG043,N,NXXX035
NPRG043,N,NXXX068
NPRG043,N,NPRX043
NPRG043,Z,NPRX043
NPRG044,K,NPRG013
NRFA071,Z,NMMA433
NRFA072,Z,NMMA434
NSWE001,N,NXXX010
NSWE001,N,NXXX026
NSWE001,N,NXXX034
NSWE001,N,NXXX035
NSWE001,N,NXXX038
NSWE001,N,NXXX039
NSWE001,N,NXXX040
NSWE001,N,NXXX067
NSWE001,N,NXXX069
NSWI125,K,NSWI084
NSWI126,N,NXXX010
NSWI126,N,NXXX022
NSWI126,N,NXXX023
NSWI126,N,NXXX024
NSWI126,N,NXXX025
NSWI126,N,NXXX026
NSWI126,N,NXXX027
NSWI126,N,NXXX028
NSWI126,N,NXXX029
NSWI126,N,NXXX030
NSWI126,N,NXXX031
NSWI126,N,NXXX032
NSWI126,N,NXXX034
NSWI126,N,NXXX035
NSWI126,N,NXXX068
NMIB012,Z,NMMB534
NAIL084,K,NAIL083
NSWI119,P,NSWI095
NALG050,Z,NMMB453
NFAP053,Z,NMFM531
NPFL083,N,NXXX011
NPFL083,N,NXXX012
NPFL083,N,NXXX013
NPFL083,N,NXXX070
NPFL083,N,NXXX071
NSWI123,P,NPRG034
NALG129,Z,NMAG466
NDMI074,N,NXXX007
NDMI074,N,NXXX009
NDMI074,N,NXXX036
NDMI074,N,NXXX037
NMAF051,N,NOFY151
NMAF051,Z,NOFY151
NMAF052,N,NOFY152
NMAF052,Z,NOFY152
NMAF061,N,NOFY161
NMAF061,Z,NOFY161
NMAF062,N,NOFY162
NMAF062,Z,NOFY162
NMIB103,Z,NMMB403
NOPT048,N,NXXX015
NOPT048,N,NXXX022
NOPT048,N,NXXX023
NOPT048,N,NXXX024
NOPT048,N,NXXX025
NOPT048,N,NXXX030
NOPT048,N,NXXX031
NOPT048,N,NXXX033
NOPT048,N,NOPX048
NOPT048,Z,NOPX048
NPRG045,N,NPRG034
NPRG045,P,NPRG031
NPRG047,K,NPRG030
NPRG047,N,NMIN102
NPRG047,N,NPRG031
NPRG047,N,NPRM045
NPRG048,K,NPRG031
NPRG048,N,NPRG013
NPRG048,N,NPRG029
NPRG048,N,NPRG035
NPRG048,N,NPRG041
NPRM047,K,NPRM044
NPRM047,N,NPRG031
NPRM047,N,NPRM045
NPRM048,K,NPRM045
NPRM048,N,NPRG031
NRFA079,Z,NMMA435
NRFA080,Z,NMMA436
NSTP190,Z,NMTP612
NSTP228,K,NSTP201
NSTP228,K,NSTP202
NSTP229,K,NSTP228
NSWI131,N,NXXX010
NSWI131,N,NXXX026
NSWI131,N,NXXX027
NSWI131,N,NXXX028
NSWI131,N,NXXX029
NSWI131,N,NXXX032
NSWI131,N,NXXX034
NSWI131,N,NXXX035
NSWI131,N,NXXX068
NSWI132,N,NXXX010
NSWI132,N,NXXX026
NSWI132,N,NXXX034
NSWI132,N,NXXX035
NTIN090,N,NTIN062
NTIN090,N,NTIX090
NTIN090,N,NXXX007
NTIN090,N,NXXX008
NTIN090,N,NXXX009
NTIN090,N,NXXX010
NTIN090,N,NXXX011
NTIN090,N,NXXX012
NTIN090,N,NXXX013
NTIN090,N,NXXX019
NTIN090,N,NXXX020
NTIN090,N,NXXX021
NTIN090,N,NXXX026
NTIN090,N,NXXX027
NTIN090,N,NXXX028
NTIN090,N,NXXX029
NTIN090,N,NXXX032
NTIN090,N,NXXX034
NTIN090,N,NXXX035
NTIN090,N,NXXX036
NTIN090,N,NXXX037
NTIN090,N,NXXX038
NTIN090,N,NXXX039
NTIN090,N,NXXX040
NTIN090,N,NXXX051
NTIN090,N,NXXX052
NTIN090,N,NXXX053
NTIN090,N,NXXX056
NTIN090,N,NXXX066
NTIN090,N,NXXX067
NTIN090,N,NXXX068
NTIN090,N,NXXX069
NTIN090,N,NXXX070
NTIN090,N,NXXX071
NTIN090,Z,N#IA022
NTIN090,Z,NTIX090
NBCM110,N,NFPL010
NBCM110,N,NJSF060
NBCM110,N,NJSF094
NBCM110,N,NOFY042
NBCM110,N,NOFY045
NBCM110,N,NOFY075
NBCM110,N,NTMF066
NBCM110,Z,NOFY075
NMAI066,P,NMAI064
NUAS012,N,NUOS009
NUAS017,N,NUAS007
NMAA082,Z,NMAA002
NMOD041,Z,NMMO403
NSTP183,K,NSTP021
NSTP183,Z,NMST431
NFAP054,K,NFAP053
NFAP054,Z,NMFM532
NPFL082,N,NXXX011
NPFL082,N,NXXX012
NPFL082,N,NXXX013
NPFL082,N,NXXX070
NPFL082,N,NXXX071
NRFA074,Z,NMMA565
NRFA075,N,NRFA006
NRFA075,P,N#AA301
NRFA075,P,N#AA302
NRFA075,Z,NMMA342
NRFA076,Z,NMMA534
NEKN041,K,N#MS063
NEKN041,Z,NMEK432
NMAF063,Z,NMAF044
NPFL087,N,NXXX011
NPFL087,N,NXXX012
NPFL087,N,NXXX013
NPFL087,N,NXXX070
NPFL087,N,NXXX071
NPGR026,N,NXXX010
NPGR026,N,NXXX019
NPGR026,N,NXXX020
NPGR026,N,NXXX021
NPGR026,N,NXXX026
NSTP191,K,NSTP201
NSTP191,Z,NMSA331
NSTP194,Z,NMSA407
NSTP196,K,NSTP202
NSTP196,P,NSTP194
NSTP196,P,NSTP201
NSTP197,K,NSTP196
NSTP197,P,NSTP194
NSTP201,Z,NMSA331
NSTP202,K,NSTP201
NSTP202,Z,NMSA332
NSTP238,Z,NMSA334
NSTP239,Z,NMSA409
NALG124,Z,NMAG567
NALG125,Z,NMAG562
NALG128,Z,NMAG446
NDIR246,Z,NMMO562
NPRG051,K,NPRG041
NPRG051,N,NXXX014
NPRG051,N,NXXX015
NPRG051,N,NXXX016
NPRG051,N,NXXX017
NPRG051,N,NXXX022
NPRG051,N,NXXX023
NPRG051,N,NXXX024
NPRG051,N,NXXX025
NPRG051,N,NXXX030
NPRG051,N,NXXX031
NPRG051,N,NXXX033
NPRG051,N,NPRX051
NPRG051,Z,NPRX051
NRFA082,Z,NMMA561
NRFA083,Z,NMMA562
NSWI136,P,NSWI101
NSWI137,P,NSWI065
NPRF023,N,NHIF029
NPRF023,N,NHII010
NPRF023,N,NPRG004
NPRF023,N,NPRM001
NPRF023,Z,NHIF029
NPRF023,Z,NHII010
NPRF023,Z,NPRG004
NPRF023,Z,NPRM001
NALG111,N,NMAT066
NPED042,P,NPED022
NSWI117,P,NSWI096
NUFY116,P,NUFY115
NALG042,Z,NMAI163
NFAP051,Z,NMFM613
NSWI124,K,NPRG036
NDMI073,N,NXXX007
NDMI073,N,NXXX008
NDMI073,N,NXXX009
NDMI073,N,NXXX051
NDMI073,N,NXXX052
NDMI073,N,NXXX053
NPRG046,K,NPRG045
NPRG046,N,NPRG034
NSTP192,K,NSTP202
NSTP192,Z,NMSA332
NSZZ030,N,NSZZ026
NSZZ030,N,NSZZ031
NSZZ030,Z,NSZZ026
NSZZ030,Z,NSZZ031
NSWI135,P,NDBI025
NSWI135,P,NPRG036
NAIL101,N,NXXX038
NAIL101,N,NXXX039
NAIL101,N,NXXX040
NAIL101,N,NXXX067
NAIL101,N,NXXX069
NALG138,Z,NMAG564
NDIR247,Z,NMNV567
NFPL303,K,NFPL302
NFPL303,Z,MFPL303
NMIB028,Z,NMMB451
NMIB029,Z,NMMB436
NRFA106,N,NRFA075
NRFA106,P,N#AF300
NRFA106,Z,NMMA931
NRFA106,Z,NRFA009
NSTP044,Z,NMTP541
NTIN093,P,NAIL021
NTIN094,P,NAIL021
NTMF066,N,NBCM110
NTMF066,N,NFPL010
NTMF066,N,NJSF060
NTMF066,N,NJSF094
NTMF066,N,NOFY042
NTMF066,N,NOFY045
NTMF066,N,NOFY076
NTMF066,Z,NJSF094
NTMF066,Z,NOFY076
NTMF067,K,NTMF066
NTMF067,N,NBCM111
NTMF067,N,NJSF061
NTMF067,N,NJSF095
NTMF067,N,NOFY046
NTMF067,Z,NJSF095
NFAP047,Z,NMFM405
NFAP048,K,NFAP047
NFAP048,Z,NMFM406
NFAP049,Z,NMFM611
NFAP050,Z,NMFM612
NFAP052,Z,NMFM602
NMOD044,Z,NMMO535
NMOD144,Z,NMMO624
NPFL081,N,NPFL136
NPFL081,Z,NPFL136
NSTP195,K,NSTP194
NSTP195,Z,NMSA407
NSTP198,K,NSTP238
NSTP198,Z,NMSA334
NSTP199,K,NSTP239
NSTP199,Z,NMSA409
NSZZ029,N,NSZZ026
NSZZ029,N,NSZZ031
NSZZ029,Z,NSZZ031
NAFY028,N,NAFY100
NAFY028,Z,NAFY100
NAFY034,N,NAFY101
NAFY034,Z,NAFY101
NPFL093,N,NXXX011
NPFL093,N,NXXX012
NPFL093,N,NXXX013
NPFL093,N,NXXX070
NPFL093,N,NXXX071
NRFA175,N,NRFA006
NRFA175,P,N#AF300
NRFA175,Z,NMMA942
NSTP069,Z,NMST562
NSTP240,K,NSTP149
NSTP240,Z,NMTP533
NALG139,Z,NMAG536
NDBI037,Z,NSWI166
NDBI039,P,NDBI025
NDGE024,Z,NMUG103
NDGE025,Z,NMUG104
NDIR101,Z,NMMA440
NMIB052,Z,NMMB202
NMIB053,Z,NMMB360
NMIB054,Z,NMAG302
NOPT051,N,NXXX007
NOPT051,N,NXXX009
NPFL099,N,NPFX099
NPFL099,N,NXXX011
NPFL099,N,NXXX012
NPFL099,N,NXXX013
NPFL099,N,NXXX070
NPFL099,N,NXXX071
NPFL099,Z,NPFX099
NPRM049,N,NPRG031
NPRM049,Z,NMIN201
NPRM049,Z,NPRG031
NRFA102,P,NRFA056
NRFA103,P,NRFA056
NRFA104,P,NRFA056
NRFA105,P,NRFA056
NRFA107,P,NRFA056
NSTP033,P,NSTP238
NSTP033,Z,NMTP566
NSTP075,K,NSTP175
NSTP075,Z,NMFM535
NSWI142,N,NXXX030
NSWI142,N,NXXX031
NSWI142,N,NXXX056
NSWI142,N,NXXX066
NSWI142,N,NSWX142
NSWI142,Z,NSWX142
NSWI143,P,NSWI120
NSWI145,N,NSWI135
NUFY119,Z,NFUF104
NGEO078,N,NGEO111
NGEO078,Z,NGEO111
NUFY114,Z,NFUF803
NUFY115,N,NFUF305
NUFY115,Z,NFUF305
NDIR065,Z,NMMO561
NEKN042,K,NEKN041
NEKN042,Z,NMEK432
NMET074,N,NMET023
NMET074,Z,NMET023
NAIL094,N,NAIX094
NAIL094,N,NXXX036
NAIL094,N,NXXX037
NAIL094,N,NXXX038
NAIL094,N,NXXX039
NAIL094,N,NXXX040
NAIL094,N,NXXX067
NAIL094,N,NXXX069
NAIL094,Z,NAIX094
NSTP241,P,NMTP543
NSTP241,Z,NMTP567
NMIB051,Z,NMMB407
NNUM054,Z,NMNV464
NPFL098,N,NPFL131
NPFL098,Z,NPFL131
NSTP058,K,NSTP050
NSTP058,Z,NMTP568
NSTP060,Z,NMTP569
NALG133,Z,NMAG568
NMAA169,N,NMAA069
NMAA170,N,NMAA070
NMAG102,K,NMAG101
NMAG102,N,NALG002
NMAG102,N,NMAG112
NMAG102,Z,NALG002
NMAG102,Z,NMAG112
NMAG160,N,NMIB025
NMAG160,Z,NMIB025
NMAG164,N,NGEM041
NMAG204,N,NGEM012
NMAG204,N,NMAG211
NMAG204,P,N#MP102
NMAG204,Z,NGEM012
NMAG204,Z,NMAG211
NMAG261,N,NALG032
NMAG261,Z,NALG032
NMAG301,N,NMAG305
NMAG301,Z,NMAG305
NMAG302,N,NMIB054
NMAG302,Z,NMIB054
NMAG303,N,NALG090
NMAG303,N,NMMB208
NMAG303,Z,NALG090
NMAG303,Z,NMMB208
NMAG331,N,NLTM006
NMAG331,Z,NLTM006
NMAI071,N,NXXX007
NMAI071,N,NXXX009
NMET523,N,NMET034
NMET523,Z,NMET034
NMFM201,K,NMFM202
NMFM201,P,NMFM104
NMFM203,N,NMFM331
NMFM203,Z,NMFM207
NMFM205,P,N#MP104
NMFM205,N,NMFM437
NMFM205,N,NMFM438
NMFM301,P,NMFM202
NMFM304,Z,NMFM311
NMFM308,K,NMFM301
NMFM308,P,NMFM201
NMIB030,Z,NMMB531
NMIB401,Z,NMMB401
NMIN105,N,NDMA005
NMIN105,Z,NDMA005
NMIN161,K,NMIN101
NMIN161,N,NMIN102
NMIN161,N,NPRG031
NMIN161,N,NPRM045
NMIN161,N,NPRM047
NMIN162,K,NMIN102
NMIN162,N,NPRG031
NMIN262,N,NPRM046
NMMA101,N,NMAA001
NMMA101,N,NMMA111
NMMA101,Z,NMAA001
NMMA102,K,NMMA101
NMMA102,N,NMAA002
NMMA102,Z,NMAA002
NMMA111,N,NMAA071
NMMA111,N,NMMA101
NMMA111,N,NMTM101
NMMA111,Z,NMAA071
NMMA111,Z,NMMA101
NMMA111,Z,NMTM101
NMMA112,K,NMMA111
NMMA112,N,NMAA072
NMMA112,N,NMMA122
NMMA112,Z,NMAA072
NMMA112,Z,NMMA122
NMMA201,N,NMAA003
NMMA201,P,N#MP102
NMMA201,Z,NMAA003
NMMA202,K,NMMA201
NMMA202,N,NMAA004
NMMA202,P,N#MP102
NMMA202,Z,NMAA004
NMMA202,Z,NMMA204
NMMA203,N,N#MP106
NMMA203,P,N#MP102
NMMA203,Z,N#MP106
NMMA203,Z,NMMA205
NMMA211,N,NMAA073
NMMA211,P,N#MP103
NMMA211,Z,NMAA073
NMMA211,Z,NMMA221
NMMA212,K,NMMA211
NMMA212,N,NMAA074
NMMA212,P,N#MP103
NMMA212,Z,NMAA074
NMMA212,Z,NMMA341
NMMA301,N,NMAA021
NMMA301,P,N#MP102
NMMA301,Z,NMAA021
NMMA331,N,NMMO302
NMMA331,N,NRFA006
NMMA331,P,N#MP105
NMMA331,P,N#MP126
NMMA331,Z,NRFA006
NMMA333,N,NDIR012
NMMA333,N,NDIR020
NMMA333,N,NMMA336
NMMA333,Z,NDIR012
NMMA333,Z,NDIR020
NMMA333,Z,NMMA336
NMMA335,N,NMAT039
NMMA335,Z,NMAT039
NMMA338,K,NMMA301
NMMA338,N,NMAA016
NMMA338,Z,NMAA016
NMMA338,Z,NMMA410
NMMA901,N,NMAA021
NMMA901,N,NMAA121
NMMA901,N,NMMA301
NMMA901,Z,NMAA121
NMMA901,Z,NMMA301
NMMA903,N,NMMA203
NMMA903,Z,NMMA203
NMMA931,N,NMMA331
NMMA931,N,NRFA006
NMMA931,N,NRFA106
NMMA931,Z,NMMA331
NMMA931,Z,NRFA106
NMMB160,N,NALG082
NMMB202,N,NMIB052
NMMB202,Z,NMIB052
NMMB202,Z,NPRG035
NMMB204,N,NMIB003
NMMB204,N,NMMB309
NMMB204,Z,NMIB003
NMMB204,Z,NMMB309
NMMB206,N,NMIB001
NMMB206,Z,NMIB001
NMMB303,N,NMMB334
NMMB303,Z,NMMB334
NMMB304,N,NMIB004
NMMB304,Z,NMIB004
NMNM201,N,NNUM105
NMNM201,P,N#MP102
NMNM201,Z,NNUM105
NMNM211,N,NNUM009
NMNM211,P,N#MP103
NMNM211,Z,NNUM009
NMNM331,N,NNUM006
NMNM331,P,N#MP124
NMNM331,P,N#MP127
NMNM331,P,N#MP128
NMNM331,Z,NNUM006
NMNM332,P,N#MP115
NMNM334,N,NMOD204
NMNM334,Z,N#MP116
NMNM931,N,NMNM331
NMNM931,N,NNUM006
NMNM931,Z,NMNM331
NMNM931,Z,NNUM006
NMSA202,K,NMMA205
NMSA331,P,NMSA202
NMSA332,K,NMSA331
NMSA333,P,NMSA202
NMSA334,K,NMSA333
NMUG101,N,NDGE001
NMUG101,N,NMTD101
NMUG101,Z,NDGE001
NMUG101,Z,NMTD101
NMUG102,N,NDGE002
NMUG102,N,NMTD102
NMUG102,Z,NDGE002
NMUG102,Z,NMTD102
NMUG103,N,NDGE024
NMUG103,N,NMTD103
NMUG103,N,NMUM163
NMUG103,N,NPRG030
NMUG103,N,NPRG031
NMUG103,Z,NMTD103
NMUG103,Z,NPRM044
NMUG104,N,NDGE025
NMUG104,N,NMTD104
NMUG104,N,NPRG030
NMUG104,N,NPRG031
NMUG104,Z,NMTD104
NMUG104,Z,NPRM045
NMUG106,N,NDGE003
NMUG106,N,NMTD106
NMUG106,Z,NDGE003
NMUG106,Z,NMTD106
NMUG201,N,NMTD201
NMUG201,Z,NDGE005
NMUG201,Z,NMTD201
NMUG202,N,NMTD202
NMUG202,Z,NMTD202
NMUG203,N,NDGE010
NMUG203,Z,NDGE010
NMUG204,N,NDGE010
NMUG204,Z,NDGE010
NMUG262,Z,NDGE006
NMUG305,N,NMTD305
NMUG305,Z,NMTD305
NMUM101,N,NMTM101
NMUM101,N,NUMP001
NMUM101,Z,NMTM101
NMUM101,Z,NUMP001
NMUM102,N,NMTM102
NMUM102,N,NUMP002
NMUM102,Z,NMTM102
NMUM102,Z,NUMP002
NMUM163,N,NMUG103
NMUM163,N,NPRG030
NMUM163,Z,NPRM044
NMUM201,N,NMTM201
NMUM201,Z,NMTM201
NMUM202,N,NMTM202
NMUM202,Z,NMTM202
NMUM202,Z,NUMP006
NMUM203,N,NMTM203
NMUM203,N,NMUM808
NMUM203,N,NUMP010
NMUM203,Z,NMTM203
NMUM203,Z,NMUM808
NMUM203,Z,NUMP010
NMUM204,N,NMTM204
NMUM204,N,NMUM812
NMUM204,N,NUMP011
NMUM204,Z,NMTM204
NMUM204,Z,NMUM812
NMUM204,Z,NUMP011
NMUM205,N,NMTM205
NMUM205,N,NMUM819
NMUM205,P,NMUM106
NMUM205,Z,NDGE004
NMUM205,Z,NMTM205
NMUM205,Z,NMUM819
NMUM206,N,NMTM206
NMUM206,N,NMUM809
NMUM206,P,NMUM105
NMUM206,Z,NMTM206
NMUM206,Z,NMUM809
NMUM206,Z,NUMP019
NMUM208,N,NMTM208
NMUM208,N,NMUM814
NMUM208,N,NUMP008
NMUM208,Z,NMTM208
NMUM208,Z,NMUM814
NMUM208,Z,NUMP008
NMUM261,N,NDGE001
NMUM261,N,NMUG101
NMUM261,Z,NDGE001
NMUM261,Z,NMUG101
NMUM301,N,NMTM301
NMUM301,N,NMUM816
NMUM301,N,NUMP014
NMUM301,Z,NMTM301
NMUM301,Z,NMUM816
NMUM301,Z,NUMP014
NMUM801,N,NMUM101
NMUM801,N,NUMP001
NMUM801,Z,NMUM101
NMUM801,Z,NUMP001
NMUM803,N,NMUM102
NMUM803,N,NUMP002
NMUM803,Z,NMUM102
NMUM803,Z,NUMP002
NMUM808,N,NMUM203
NMUM808,N,NUMP010
NMUM808,Z,NMUM203
NMUM808,Z,NUMP010
NMUM811,N,NMUM307
NMUM811,N,NUMV043
NMUM811,Z,NMUM307
NMUM811,Z,NUMV043
NMUM812,N,NMUM204
NMUM812,N,NUMP011
NMUM812,Z,NMUM204
NMUM812,Z,NUMP011
NMUM814,N,NMUM208
NMUM814,N,NUMP008
NMUM814,Z,NMUM208
NMUM814,Z,NUMP008
NMUM815,N,NUMP005
NMUM815,Z,NUMP005
NMUM818,N,NUMP016
NMUM818,Z,NUMP016
NPFL103,N,NPFX103
NPFL103,N,NXXX011
NPFL103,N,NXXX012
NPFL103,N,NXXX013
NPFL103,N,NXXX070
NPFL103,N,NXXX071
NPFL103,Z,NPFX103
NPRG056,N,NXXX019
NPRG056,N,NXXX020
NPRG056,N,NXXX021
NPRG056,N,NXXX034
NPRG056,N,NXXX035
NPRG056,N,NPRX056
NPRG056,Z,NPRX056
NPRG057,K,NPRG035
NPRG057,K,NPRG038
NALG019,P,NALG026
NALG019,P,NALG027
NBCM028,Z,NBCM039
NBCM040,Z,NFPL011
NBCM048,K,NBCM047
NDMA003,N,NDMI022
NDMA003,Z,NDMI022
NDMI023,N,NDMI028
NDMI023,N,NDMI029
NDMI023,Z,N#IA005
NDMI031,N,NDMA001
NDMI031,N,NDMI011
NDMI031,Z,NDMI011
NDMI032,K,NDMI031
NDMI032,N,NDMA002
NDMI032,N,NDMI012
NDMI032,Z,NDMI012
NDMI033,N,NDMI007
NDMI033,Z,NDMI007
NDMI038,N,NTIN022
NDMI038,Z,NTIN022
NEKN006,N,NEKN003
NEKN006,N,NEKN024
NEKN006,Z,NEKN003
NEKN006,Z,NEKN024
NEVF019,K,NEVF032
NEVF049,P,NEVF036
NEVF061,P,NEVF025
NEVF061,P,NEVF032
NEVF062,P,NEVF025
NEVF062,P,NEVF032
NFAP030,N,NFAP029
NFAP030,Z,NFAP029
NFPL002,P,NFPL011
NFPL002,P,NOFY042
NFPL032,K,NFPL031
NFPL047,K,NFPL020
NFPL050,K,NFPL049
NFPL052,K,NFPL051
NFPL069,K,NFPL053
NFPL111,K,NFPL110
NFPL116,K,NFPL115
NFPL121,K,NFPL120
NFPL123,K,NFPL122
NFPL125,K,NFPL124
NFPL126,K,NFPL002
NFPL126,P,NFPL011
NFPL126,P,NOFY042
NGEM020,N,NDMI009
NGEM020,Z,NDMI009
NGEM029,N,NDMI013
NGEM029,Z,NDMI013
NGEO058,K,NGEO057
NGEO060,K,NGEO059
NHIF009,P,NFPL066
NHIF009,P,NOFY045
NHIF009,P,NOFY046
NHIF014,P,NHIF080
NHIF014,P,NHIF081
NHIF025,P,NFPL010
NHIF025,P,NTMF003
NHIF030,N,NPRM001
NHIF031,P,NBCM039
NHIF032,Z,NBCM042
NHIF032,Z,NBCM041
NHII012,N,NDBI001
NHII028,N,NHII073
NHII028,N,NHII083
NHII028,N,NOPT032
NHII028,Z,NHII073
NHII028,Z,NHII083
NHII028,Z,NOPT032
NHII031,N,NHIU017
NHII031,N,NHIU018
NHII031,N,NMAI016
NHII031,N,NSTP022
NHII031,N,NUMP013
NHII031,Z,NMAI016
NHII073,Z,NHII028
NHII073,Z,NHII078
NHII073,Z,NHII083
NHII073,Z,NOPT032
NHIM049,N,NDMI014
NHIM049,Z,NDMI014
NJSF002,Z,NTMF015
NJSF023,N,NOFY035
NJSF023,N,NOFY036
NJSF023,N,NTMF003
NJSF023,Z,N#FF001
NJSF023,Z,NOFY036
NLTM020,N,NTIN014
NLTM020,N,NUIN007
NLTM020,Z,NLTM021
NMAI032,N,NALG058
NMAI032,Z,NALG058
NMAI035,N,NALG066
NMAI035,Z,NALG066
NMAI036,N,NMAT042
NMAI036,Z,NMAT042
NMAI038,N,NALG013
NMAI038,Z,NALG013
NMAI039,K,NMAI038
NMAI039,N,NALG014
NMAI039,Z,NALG014
NMAN006,K,NMAN005
NMAN010,K,NMAN005
NMAT059,Z,NHII073
NMAT059,Z,NHII078
NMAT059,Z,NHII083
NMAT059,Z,NOPT032
NNUM007,P,NNUM006
NNUM007,N,NNUM048
NNUM007,N,NNUM049
NNUM007,P,NNUM004
NNUM007,P,NNUM005
NNUM031,N,NNUM006
NNUM031,P,NNUM004
NNUM031,P,NNUM005
NNUM032,N,NNUM006
NNUM032,P,NNUM031
NNUM033,N,NNUM001
NNUM033,N,NNUM002
NNUM033,P,NMAA003
NNUM033,P,NMAA004
NNUM033,P,NNUM004
NNUM033,P,NNUM005
NNUM034,K,NNUM033
NNUM034,N,NNUM001
NNUM034,N,NNUM002
NNUM036,K,NNUM035
NNUM036,N,NNUM022
NNUM036,P,NNUM033
NNUM036,P,NNUM034
NNUM041,K,NNUM040
NNUM044,N,NNUM010
NNUM045,N,NNUM010
NNUM048,N,NNUM007
NNUM049,N,NNUM007
NNUM049,P,NNUM048
NNUM050,P,NNUM004
NNUM050,P,NNUM005
NNUM057,P,NMAA003
NNUM057,P,NMAA004
NOFY049,Z,NMET049
NOOE043,P,NOOE021
NOPT029,N,NOPT004
NOPT029,N,NOPT005
NOPT029,N,NOPT043
NOPT029,N,NOPT044
NOPT029,Z,N#IA006
NOPT029,Z,N#IA007
NOPT043,N,NOPT004
NOPT043,N,NOPT029
NOPT043,Z,NOPT004
NOPT044,K,NOPT043
NOPT044,N,NOPT005
NOPT044,N,NOPT029
NOPT044,Z,NOPT005
NOPT044,Z,NOPT029
NPRF008,K,NPRF007
NPRM008,N,NINF001
NPRM008,N,NSWI008
NPRM008,Z,NPRM009
NPRM027,N,NSWI036
NPRM027,Z,NSWI036
NPRM028,K,NPRM027
NPRM028,N,NSWI037
NPRM028,Z,NSWI037
NPRM030,P,NPRM027
NPRM030,P,NSWI036
NPRM030,Z,NSWI038
NPRM030,Z,NSWI040
NPRM030,N,NSWI038
NPRM030,N,NSWI040
NPRM040,K,NPRM030
NPRM040,N,NSWI038
NPRM040,N,NSWI040
NPRM040,P,NPRM027
NPRM040,P,NSWI036
NPRM040,Z,NSWI038
NPRM040,Z,NSWI040
NRFA004,K,NRFA003
NSTP034,N,NFAP034
NSTP034,Z,NFAP034
NSTP077,K,NSTP076
NSWI016,P,NSWI003
NSWI016,P,NSWI015
NTIN019,P,NTIN013
NTIN053,N,NTIN050
NTIN053,Z,NTIN050
NTIN054,N,NDMI025
NTIN054,Z,NDMI025
NLTM033,N,NAIL012
NLTM033,N,NLTM008
NTIN077,K,NTIN040
NTIN077,K,NTIN041
NTIN078,K,NTIN040
NTIN078,K,NTIN041
NTIN078,K,NTIN077
NSWI112,P,NPRG032
NMAA171,N,NMAA001
NMAA171,N,NMAF033
NMAA171,N,NMAI008
NMAA171,N,NUMP001
NMAA171,Z,NHIU076
NMAA171,Z,NMAA001
NMAA171,Z,NMAF033
NMAA171,Z,NMAI008
NMAA171,Z,NUMP001
NMAG349,P,N#MP109
NMMA349,P,N#MP114
NMMA349,P,NMMA331
NMMA349,P,NMMA333
NMMA349,P,NMMA338
NMNM349,P,N#MP113
NMNM349,P,N#MP114
NMNM349,P,NMMA331
NMNM349,P,NMMA333
NMNM349,P,NMNM331
NMNM349,P,NMNM334
NMSA349,P,N#MP112
NMAG441,N,NMAT001
NMAG441,Z,NMAT001
NMEK051,N,NEKN005
NMEK051,P,NMEK432
NMEK051,P,NMEK450
NMEK051,Z,NEKN005
NMMB364,N,NMIB104
NMMB364,Z,NMIB104
NMMO562,N,NDIR246
NMMO562,Z,NDIR246
NMNV567,N,NDIR247
NMNV567,Z,NDIR247
NMTP534,N,NMAT010
NMTP534,Z,NMAT010
NMTP572,N,NSTP069
NMAA121,P,N#AF300
NMAA121,Z,NMAA020
NMAA121,Z,NMAA033
NMAA121,Z,NMMA901
NMAG101,N,NALG001
NMAG101,N,NMAG111
NMAG101,Z,NALG001
NMAG101,Z,NMAG111
NMAG201,N,NALG026
NMAG201,P,N#MP101
NMAG201,Z,NALG026
NMAG201,Z,NMAG206
NMAG202,K,NMAG201
NMAG202,N,NALG027
NMAG202,P,N#MP101
NMAG337,N,NALG017
NMAG337,Z,NALG017
NSTP062,Z,NMTP570
NFAP055,Z,NMFM462
NMIB105,Z,NMMB431
NPFL092,N,NPFL125
NPFL092,Z,NPFL125
NPFL096,N,NPFL128
NPFL096,Z,NPFL128
NAIL105,N,NXXX038
NAIL105,N,NXXX039
NAIL105,N,NXXX040
NAIL105,N,NXXX067
NAIL105,N,NXXX069
NMAG262,N,NMAT092
NMAG262,Z,NMAT092
NMAG409,N,NMAT007
NMAG409,Z,NMAT007
NMAG438,N,NALG021
NMAG438,Z,NALG021
NMAG446,N,NALG128
NMAG446,Z,NALG128
NMAG451,N,NALG112
NMAG451,Z,NALG112
NMAG452,N,NMAT009
NMAG452,Z,NMAT009
NMAG463,N,NGEM008
NMAG463,Z,NGEM008
NMAG465,Z,NGEM032
NMAG465,Z,NGEM033
NMAG471,N,NMAT001
NMAG471,Z,NMAT001
NMAG532,N,NMAT008
NMAG532,Z,NMAT008
NMAG536,N,NALG139
NMAG536,Z,NALG139
NMAG562,N,NALG125
NMAG562,Z,NALG125
NMAG563,N,NALG117
NMAG563,Z,NALG117
NMAG566,N,NGEM036
NMAG566,P,NMAG411
NMAG566,Z,NGEM036
NMAG567,N,NALG124
NMAG567,Z,NALG124
NMAG569,Z,NGEM013
NMAG569,Z,NGEM014
NMEK450,P,NMSA407
NMEK450,P,NMSA409
NMEK450,P,NMSA413
NMEK450,Z,NMST450
NMEK532,N,NMEK412
NMEK532,P,NMSA403
NMEK532,Z,NMEK412
NMEK551,P,NMEK432
NMEK551,P,NMEK450
NEKN037,Z,NMEK612
NMIB027,Z,NMMB621
NPFL079,N,NXXX011
NPFL079,N,NXXX012
NPFL079,N,NXXX013
NPFL079,N,NXXX070
NPFL079,N,NXXX071
NUMV083,Z,NMUM602
NBCM318,P,NBCM010
NBCM318,P,NBCM012
NPGR029,K,NPGR002
NSWI138,P,NSWI015
NPRG058,P,NPRG042
NMFM431,N,NMFP533
NMFM431,Z,NMFP533
NMFM437,N,NMFM205
NMFM437,N,NMFM438
NMFM437,Z,NMFM205
NMFM437,Z,NMFM438
NMFM438,N,NMFM205
NMFM438,N,NMFM437
NMFM438,Z,NMFM205
NMFM438,Z,NMFM437
NMFM461,N,NMFP462
NMFM461,Z,NMFP462
NMFM501,N,NMFP501
NMFM501,P,NMFM402
NMFM501,P,NMFM406
NMFM501,Z,NMFP501
NMFM502,N,NMFP532
NMFM502,P,NMFM402
NMFM502,P,NMFM406
NMFM502,Z,NMFP532
NMFM503,N,NMFP503
NMFM503,N,NMFP531
NMFM503,Z,N#FP503
NMFM505,N,NMFM535
NMFM505,P,N#TP401
NMFM505,Z,NMFM535
NMFM507,N,NMFP533
NMFM507,P,NMFP405
NMFM507,P,NMSA409
NMFM507,Z,NMFP533
NMFM535,N,NMFM505
NMFM535,P,N#TP401
NMFM535,Z,NMFM505
NMFM537,N,NMFP461
NMFM537,Z,NMFP461
NMMA402,N,NRFA054
NMMA402,Z,NRFA054
NMMA403,N,NRFA014
NMMA403,Z,NRFA014
NMMA404,N,NRFA013
NMMA404,Z,NRFA013
NMMA407,N,NDIR021
NMMA407,Z,NDIR021
NMMA408,N,NMAA015
NMMA408,N,NMAA067
NMMA408,Z,NMAA067
NMMA433,N,NRFA071
NMMA433,Z,NRFA071
NMMA434,N,NRFA072
NMMA434,Z,NRFA072
NMMA435,N,NRFA079
NMMA435,Z,NRFA079
NMMA436,N,NRFA080
NMMA436,Z,NRFA080
NMMA440,N,NDIR101
NMMA440,Z,NDIR101
NMMA462,N,NMAT042
NMMA462,Z,NMAT042
NMMA463,N,NDIR008
NMMA463,Z,NDIR008
NMMA464,N,NDIR055
NMMA464,Z,NDIR055
NMMA473,N,NRFA008
NMMA474,N,NRFA044
NMMA475,N,NGEM038
NMMA476,N,NGEM039
NMMA477,N,NRFA182
NMMA478,N,NRFA182
NMMA531,Z,NDIR051
NMMA533,N,NRFA045
NMMA533,Z,NRFA045
NMMA534,N,NRFA076
NMMA534,Z,NRFA076
NMMA561,N,NRFA082
NMMA561,Z,NRFA082
NMMA562,N,NRFA083
NMMA562,Z,NRFA083
NMMA565,N,NRFA074
NMMA565,Z,NRFA074
NMMA566,N,NRFA074
NMMA566,Z,NRFA074
NMMA567,N,NRFA077
NMMA568,N,NRFA078
NMMA570,N,NDIR058
NMMA571,N,NRFA180
NMMA572,N,NRFA181
NMMA574,N,NDIR069
NMMA575,N,NRFA073
NMMA576,N,NRFA176
NMMA577,N,NRFA057
NMMA578,N,NRFA057
NMMA581,N,NRFA183
NMMA582,N,NRFA184
NMMA583,Z,NDIR247
NMMA584,Z,NDIR246
NMMB401,Z,NMIB401
NMMB403,N,NMIB103
NMMB403,Z,NMIB103
NMMB403,Z,NMMB413
NMMB405,N,NMIB002
NMMB405,N,NMMB415
NMMB405,Z,NMIB002
NMMB405,Z,NMMB415
NMMB436,N,NMIB029
NMMB436,Z,NMIB029
NMMB451,Z,NMAT362
NMMB453,Z,NALG050
NMMB460,N,NMIB104
NMMB460,Z,NMIB104
NMMB501,N,NMIB016
NMMB501,Z,NMIB016
NMMB538,N,NMIB015
NMMB538,P,NMAG436
NMMB538,Z,NMIB015
NMMB551,Z,NALG080
NMMO401,N,NMOD012
NMMO401,Z,NMOD012
NMMO402,N,NDIR057
NMMO402,Z,NDIR057
NMMO403,N,NMOD041
NMMO403,Z,NMOD041
NMMO404,N,NMOD040
NMMO404,Z,NMOD040
NMMO461,Z,NMOD206
NMMO461,Z,NMOD207
NMMO531,N,NMOD036
NMMO531,Z,NMOD036
NMMO532,N,NDIR010
NMMO532,Z,NDIR010
NMMO533,N,NDIR042
NMMO533,Z,NDIR042
NMMO534,N,NDIR043
NMMO534,Z,NDIR043
NMMO535,N,NMOD044
NMMO535,Z,NMOD044
NMMO536,N,NDIR066
NMMO536,Z,NDIR066
NMMO539,N,NMOD042
NMMO539,Z,NMOD042
NMMO541,N,NMOD043
NMMO541,Z,NMOD043
NMMO561,N,NDIR065
NMMO561,Z,NDIR065
NMMO564,Z,NMOD015
NMNV451,Z,NNUM014
NMNV461,N,NMOD023
NMNV461,Z,NMOD023
NMNV462,N,NMOD024
NMNV462,Z,NMOD024
NMNV501,N,NMNV503
NMNV501,N,NNUM021
NMNV501,Z,NMNV503
NMNV501,Z,NNUM021
NMNV534,N,NMNV503
NMNV534,N,NNUM121
NMNV534,Z,NMNV503
NMNV534,Z,NNUM121
NMNV537,N,NMOD101
NMNV537,Z,NMOD101
NMNV538,N,NMOD201
NMNV538,Z,NMOD201
NMNV543,N,NNUM011
NMNV543,Z,NNUM011
NMNV564,N,NNUM017
NMNV564,Z,NNUM017
NMNV566,N,NNUM139
NMNV566,Z,NNUM139
NMSA401,Z,NMSA431
NMST431,P,NMSA407
NMST436,P,NMSA407
NMST438,P,NMSA407
NMST531,P,N#MP122
NMST531,P,NMSA407
NMST532,P,NMST412
NMST532,P,NMST511
NMST533,P,NMST424
NMST539,N,NMFP535
NMST539,P,N#ST412
NMST543,P,NMTP438
NMST551,P,NMST412
NMST551,P,NMST422
NMST552,P,NMST412
NMTP432,P,NMSA405
NMTP533,P,N#MP123
NMTP535,N,NMAT010
NMTP535,Z,NMAT010
NMTP541,K,NMTP438
NMTP543,P,N#MP123
NMTP551,P,NMTP432
NMTP551,P,NMTP450
NMTP562,P,NMTP432
NMTP564,N,NMAT011
NMTP567,P,NMTP543
NMTP568,N,NSTP058
NMTP568,Z,NSTP058
NMAA161,N,NMMA201
NMAG621,N,NALG107
NMAG621,Z,NALG107
NMFM303,Z,NMFM311
NMFM307,N,NMFM331
NMFM307,P,NMFM104
NMFM307,Z,NMFM207
NMFM310,K,NMFM301
NMFM310,Z,NMFM332
NMIN101,N,NPRG030
NMIN101,N,NPRX030
NMIN101,Z,NMIN111
NMIN101,Z,NPRG030
NMIN101,Z,NPRX030
NMIN102,N,NMIN112
NMIN102,P,NMIN101
NMIN102,Z,NMIN112
NMIN331,N,NDMA001
NMIN331,Z,NDMA001
NMMB201,N,NMMB212
NMMB201,Z,NMMB212
NMMB305,N,NMIB005
NMMB305,N,NMMB308
NMMB305,Z,NMIB005
NMMB305,Z,NMMB308
NMMB360,N,NMIB053
NMMB360,Z,NMIB053
NMSA336,N,NMFM204
NMSA336,P,N#MP101
NMSA336,P,N#MP104
NMSA336,Z,NMFM204
NMUG301,N,NDGE022
NMUG301,N,NMTD301
NMUG301,Z,NDGE022
NMUG301,Z,NMTD301
NMUG302,N,NDGE023
NMUG302,N,NMTD302
NMUG302,Z,NDGE023
NMUG302,Z,NMTD302
NMUG303,N,NDGE008
NMUG303,N,NMTD206
NMUG303,Z,NDGE008
NMUG303,Z,NMTD206
NMUG310,N,NMTD310
NMUG310,Z,NDGE016
NMUG310,Z,NMTD310
NMUM103,N,NMTM103
NMUM103,N,NUMP003
NMUM103,Z,NMTM103
NMUM103,Z,NUMP003
NMUM104,N,NMTM104
NMUM104,N,NUMP004
NMUM104,Z,NMTM104
NMUM104,Z,NUMP004
NMUM106,N,NMTM106
NMUM106,Z,NMTM106
NMUM161,N,NMTM161
NMUM161,Z,NMTM161
NMUM162,N,NMTM162
NMUM162,Z,NMTM162
NMUM232,N,NMTM207
NMUM232,Z,NMTM207
NMUM262,N,NDGE002
NMUM262,N,NMUG102
NMUM262,Z,NDGE002
NMUM262,Z,NMUG102
NMUM303,N,NMTM303
NMUM303,N,NMUM817
NMUM303,N,NUMP009
NMUM303,Z,NMTM303
NMUM303,Z,NMUM817
NMUM303,Z,NUMP009
NMUM305,N,NMTM305
NMUM305,N,NUMP015
NMUM305,Z,NMTM305
NMUM306,N,NMTM306
NMUM306,N,NUMP015
NMUM306,Z,NMTM306
NMUM307,N,NMTM307
NMUM307,N,NMUM811
NMUM307,N,NUMV043
NMUM307,Z,NMTM307
NMUM307,Z,NMUM811
NMUM307,Z,NUMV043
NMUM310,N,NMTM310
NMUM310,Z,NDIM005
NMUM310,Z,NMTM310
NMUM331,N,NMTM331
NMUM331,Z,NMTM331
NMUM332,N,NMTM332
NMUM332,Z,NMTM332
NMUM802,N,NMUM103
NMUM802,N,NUMP003
NMUM802,Z,NMUM103
NMUM802,Z,NUMP003
NMUM804,N,NMUM104
NMUM804,N,NUMP004
NMUM804,Z,NMUM104
NMUM804,Z,NUMP004
NMUM816,N,NUMP014
NMUM816,Z,NUMP014
NMUM817,N,NMUM303
NMUM817,N,NUMP009
NMUM817,Z,NMUM303
NMUM817,Z,NUMP009
NPFL104,N,NXXX011
NPFL104,N,NXXX012
NPFL104,N,NXXX013
NPFL104,N,NXXX038
NPFL104,N,NXXX039
NPFL104,N,NXXX040
NPFL104,N,NXXX067
NPFL104,N,NXXX069
NPFL104,N,NXXX070
NPFL104,N,NXXX071
NSWI152,N,NXXX027
NSWI152,N,NXXX028
NSWI152,N,NXXX029
NSWI152,N,NXXX032
NSWI152,N,NXXX068
NSWI152,P,N#IA023
NOFY067,N,NOFY008
NOFY067,Z,NOFY008
NOFY068,N,NOFY008
NOFY068,Z,NOFY008
NTIN080,K,NTIN079
NMNV621,N,NNUM070
NMNV621,Z,NNUM070
NMNV623,Z,NNUM064
NPFL111,N,NPFL137
NPFL111,Z,NPFL137
NMNV464,N,NNUM054
NMNV464,Z,NNUM054
NMNV536,N,NNUM112
NMNV536,Z,NNUM112
NMNV561,N,NNUM200
NMNV561,Z,NNUM200
NMNV563,N,NNUM016
NMNV563,Z,NNUM016
NMSA403,N,NMSA413
NMSA403,Z,NMSA413
NMSA409,N,NMFP403
NMSA936,N,NMSA336
NMSA936,Z,NMSA336
NMST434,P,NMSA407
NMTP438,P,NMSA405
NMTP450,P,NMSA405
NMTP450,P,NMSA409
NMTP450,Z,NMST450
NDBI043,N,NDBI010
NDBI043,Z,NDBI010
NDIN015,N,NDIN016
NDIN015,Z,NDIN016
NJSF116,P,NJSF064
NJSF123,K,NJSF082
NTIN088,P,NTIN073
NTIN089,K,NTIN088
NJSF137,N,NJSF134
NJSF137,N,NJSF136
NMAG565,N,NALG031
NMAG565,Z,NALG031
NMAG162,N,NALG108
NMAG162,Z,NALG108
NMAG334,N,NALG018
NMAG334,Z,NALG018
NMAG335,N,NGEM002
NMAG335,Z,NGEM002
NMFM202,P,N#MP101
NMFM202,P,NMMA221
NMIN364,N,NPRM031
NMMA342,N,NMMA331
NMMA342,N,NRFA075
NMMA342,P,N#MP105
NMMA342,Z,NMMA331
NMMA342,Z,NRFA075
NMMA942,N,NMMA342
NMMA942,N,NRFA075
NMMA942,N,NRFA175
NMMA942,Z,NMMA342
NMMA942,Z,NRFA175
NMMB301,N,NMIB006
NMMB301,Z,NMIB006
NMMB301,Z,NMMB332
NMUM805,N,NPED024
NMUM805,N,NPED034
NMUM805,Z,NPED024
NMUM805,Z,NPED034
NMUM806,N,NPED035
NMUM806,Z,NPED035
NMUM807,N,NPED024
NMUM807,N,NPED033
NMUM807,Z,NPED024
NMUM807,Z,NPED033
NMUM821,N,NDIM010
NMUM821,N,NMUM410
NMUM821,N,NMUM511
NMUM821,Z,NDIM010
NMUM821,Z,NMUM410
NMUM821,Z,NMUM511
NPFL101,P,NSWI095
NSWI151,P,NSWI150
NAIL106,N,NXXX019
NAIL106,N,NXXX020
NAIL106,N,NXXX021
NAIL106,N,NXXX038
NAIL106,N,NXXX039
NAIL106,N,NXXX040
NAIL106,N,NXXX067
NAIL106,N,NXXX069
NMAG405,N,NALG103
NMAG405,Z,NALG103
NMAG407,N,NLTM011
NMAG407,Z,NLTM011
NMAG531,N,NALG077
NMAG531,Z,NALG077
NMAG564,N,NALG138
NMAG564,Z,NALG138
NMFM402,N,NMFP434
NMFM402,P,NMFM401
NMFM402,Z,NMFP434
NMFM405,N,NMFP407
NMFM405,Z,NMFP407
NMFM406,N,NMFP432
NMFM406,P,NMFM405
NMFM406,Z,NMFP432
NMFM408,N,NMFP405
NMFM408,Z,NMFP405
NMFM416,K,NMFM406
NMFM416,N,NMFP432
NMFM416,Z,NMFP432
NMFM531,N,NMFP465
NMFM531,Z,NMFP465
NMFM532,N,NMFP466
NMFM532,Z,NMFP466
NMMA262,N,NMAI020
NMMA262,Z,NMAI020
NMMB404,N,NMIB011
NMMB404,Z,NMIB011
NMMB452,Z,NMIB021
NMMB534,N,NMIB012
NMMB534,Z,NMIB012
NMMO593,N,NMOD208
NMMA162,P,NMMA101
NMMA579,Z,NDIR037
NMMA701,Z,JEB005
NMMA702,P,NMMA701
NMMA702,Z,JEB006
NMMA703,P,NMMA702
NMMA703,Z,JEB028
NMMA704,P,NMMA703
NMMA704,Z,JEB029
NMMA705,P,NMMA704
NMMA705,Z,JEB062
NMMA711,Z,JEB118
NMMA712,P,NMMA711
NMMA712,Z,JEB119
NMMA713,Z,JEB122
NMMB349,P,NMMB201
NMMB349,P,NMMB204
NMMB349,P,NMMB206
NMMB349,P,NMMB301
NMMB349,P,NMMB302
NMUG402,N,NDGE021
NMUG402,Z,NDGE021
NFOE019,Z,MC230P04N
NMMB203,Z,NMNM201
NMMB208,N,NALG090
NMMB208,N,NMAG303
NMMB208,Z,NALG090
NMMB208,Z,NMAG303
NMPG349,K,NPGR002
NMPG349,P,NMAG204
NMPG349,P,NMMA202
NMPG349,P,NMNM931
NMUG401,N,NDGE020
NMUG401,N,NMTD401
NMUG401,Z,NDGE020
NMUG401,Z,NMTD401
NMUG403,N,NMTD403
NMUG403,Z,NMTD403
NMUG404,N,NDGE012
NMUG404,N,NMTD402
NMUG404,Z,NDGE012
NMUG404,Z,NMTD402
NMUG406,N,NMTD404
NMUG406,Z,NMTD404
NMUG501,N,NMTD501
NMUG501,Z,NMTD501
NMUG503,N,NMTD503
NMUG503,Z,NMTD503
NMUG511,N,NMTD511
NMUG511,Z,NMTD511
NMUM401,N,NMTM401
NMUM401,Z,NMTM401
NMUM402,N,NMTM402
NMUM402,Z,NMTM402
NMUM403,N,NMTM403
NMUM403,Z,NMTM403
NMUM404,K,NMUM403
NMUM404,N,NMTM404
NMUM404,Z,NMTM404
NMUM405,N,NMTM405
NMUM405,N,NMUM820
NMUM405,Z,NMTM405
NMUM405,Z,NMUM820
NMUM501,N,NMTM501
NMUM501,Z,NMTM501
NMUM503,N,NMTM505
NMUM503,Z,NMTM505
NMUM505,N,NMTM503
NMUM505,N,NMUM818
NMUM505,N,NUMP016
NMUM505,Z,NMTM503
NMUM505,Z,NMUM818
NMUM505,Z,NUMP016
NMUM511,N,NMTM511
NMUM511,Z,NMTM511
NMMA625,Z,NMAT094
NMFM302,K,NMFM101
NMFM302,K,NMFM303
NMFM302,Z,NMFM338
NMIN267,N,NPRM024
NMUM105,N,NMTM105
NMUM105,Z,NMTM105
NMUM820,N,NDIM001
NMUM820,N,NMUM405
NMUM820,Z,NDIM001
NMUM820,Z,NMUM405
NSZZ031,N,NMAG351
NSZZ031,N,NMMA351
NSZZ031,N,NMNM351
NSZZ031,N,NMSA351
NSZZ031,N,NMTM314
NSZZ031,N,NSZZ026
NSZZ031,Z,NMAG351
NSZZ031,Z,NMMA351
NSZZ031,Z,NMNM351
NSZZ031,Z,NMSA351
NSZZ031,Z,NMTM314
NSZZ031,Z,NSZZ026
NMAG431,N,NALG033
NMAG431,Z,NALG033
NMAG434,N,NALG029
NMAG434,Z,NALG029
NMAG435,N,NALG109
NMAG435,Z,NALG109
NMAG442,N,NALG022
NMAG442,Z,NALG022
NMAG444,N,NALG083
NMAG444,Z,NALG083
NMAG450,N,NALG104
NMAG450,Z,NALG104
NMAG466,N,NALG129
NMAG466,Z,NALG129
NMMB434,N,NPGR021
NMMB434,Z,NPGR021
NMMB438,N,NOPT046
NMMB438,Z,NOPT046
NMNV401,N,NRFA017
NMNV401,Z,NRFA017
NMNV402,N,NRFA018
NMNV402,Z,NMNV406
NMNV402,Z,NRFA018
NMNV403,N,NNUM018
NMNV403,Z,NNUM018
NMNV404,K,NMNV403
NMNV404,N,NNUM019
NMNV404,Z,NNUM019
NMNV405,N,NNUM002
NMNV405,N,NNUM015
NMNV405,Z,NNUM002
NMNV405,Z,NNUM015
NMNV407,N,NNUM130
NMNV407,Z,NMNV412
NMNV436,N,NNUM067
NMNV436,Z,NNUM067
NMNV438,Z,NMNV411
NMNV466,N,NNUM213
NMNV466,Z,NNUM213
NMNV540,N,NNUM069
NMNV540,Z,NNUM069
NMNV571,N,NNUM113
NMNV571,Z,NNUM113
NMST450,P,NMSA407
NMST450,Z,NMEK450
NMST450,Z,NMTP450
NMTP434,P,NMSA405
NPRG064,K,NPRG035
NJSF145,N,NJSF068
NJSF145,Z,NJSF068
NJSF146,N,NJSF069
NJSF146,Z,NJSF069
NMAG475,Z,NALG050
NSWI153,N,NSWX153
NSWI153,N,NXXX027
NSWI153,N,NXXX028
NSWI153,N,NXXX029
NSWI153,N,NXXX032
NSWI153,N,NXXX068
NSWI153,Z,NSWX153
NMAI163,N,NALG042
NMAI163,Z,NALG042
NMMA621,N,NDIR240
NMMA621,Z,NDIR240
NMMA622,N,NDIR241
NMMA622,Z,NDIR241
NMMB621,Z,NMIB027
NMMO621,N,NDIR142
NMMO621,Z,NDIR142
NMMO622,N,NDIR143
NMMO622,Z,NDIR143
NMMO623,N,NMOD140
NMMO623,Z,NMOD140
NMMO624,N,NMOD144
NMMO624,Z,NMOD144
NMUG265,N,NMTD203
NMUG265,P,NMUG101
NMUG265,Z,NMTD203
NMUG266,N,NMTD204
NMUG266,P,NMUG101
NMUG266,P,NMUG102
NMUG266,Z,NMTD204
NBCM152,Z,NBCM176
NDFY079,Z,NFUF808
NDFY080,Z,NFUF809
NPRF050,N,NOFY078
NPRF050,Z,NOFY078
NSWI159,Z,NCGD006
NSWI160,N,NCGD003
NSWI160,Z,NCGD003
NPFL114,N,NPFL138
NPFL114,Z,NPFL138
NFPL804,K,NFPL301
NMAG575,N,NLTM003
NMAG575,Z,NLTM003
NMAG576,N,NLTM004
NMAG576,Z,NLTM004
NMFM401,N,NMFP409
NMFM401,Z,NMFP409
NMFM404,N,NMFP406
NMFM404,P,NMSA407
NMFM404,Z,NMFP406
NMFM462,N,NMFP463
NMFM462,Z,NMFP463
NMFP404,K,NMFP403
NMFP404,N,NMST414
NMFP404,N,NMST537
NMFP404,Z,NMST537
NMFP406,N,NMFM404
NMFP406,P,N#ST407
NMFP406,Z,NMFM404
NMFP463,N,NMFM462
NMFP463,Z,NMFM462
NMIN112,K,NMIN111
NMIN112,N,NMTD104
NMIN112,N,NPRG062
NMMB302,K,NMMB301
NMMB302,N,NMIB007
NMMB302,Z,NMIB007
NMMX402,N,NMIB014
NMMX402,N,NMMB402
NMMX402,Z,NMIB014
NMMX402,Z,NMMB402
NMNV541,N,NMOD105
NMNV541,Z,NMOD105
NMNV542,N,NMOD205
NMNV542,Z,NMOD205
NMUM468,P,NMUM405
NMAG332,N,NMAG336
NMAG332,Z,NMAG336
NMIN263,N,NPRM041
NMMA334,N,N#MP125
NMMA334,Z,N#MP125
NMMA361,N,NMAA006
NPED043,N,NPEP501
NPED043,P,NPED033
NPED043,Z,NPEP501
NMAG436,N,NMIB013
NMAG436,Z,NMIB013
NMAG561,K,NMAG460
NMEK432,P,NMSA407
NMMB407,N,NMIB051
NMMB407,Z,NMIB051
NMMB407,Z,NMMB432
NMMB433,N,NPGR020
NMMB433,Z,NPGR020
NMMB437,N,NMIB017
NMMB437,Z,NMIB017
NMMB531,N,NMIB030
NMMB531,Z,NMIB030
NMNV539,N,NNUM010
NMNV539,Z,NNUM010
NMNV562,N,NNUM300
NMNV562,Z,NNUM300
NMTP436,P,NMSA405
NPFL109,N,NPFL133
NPFL109,Z,NPFL133
NMUM410,N,NMTM410
NMUM410,Z,NMTM410
NSZI058,Z,NSZI055
NTIN100,N,NXXX036
NTIN100,N,NXXX037
NMUM602,N,NUMV083
NMUM602,Z,NUMV083
NDIN017,N,NDIN011
NDIN017,Z,NDIN011
NMFM464,N,NMAN004
NMFM464,Z,NMAN004
NMFM613,N,NFAP051
NMFM613,Z,NFAP051
NMMA164,N,NMAA006
NMMA261,P,NMMA101
NMMA261,P,NMMA102
NMMA263,P,NMMA101
NMMA263,P,NMMA102
NMMA263,P,NMMA201
NMAG432,K,NMAG431
NMAG432,N,NALG033
NMAG432,Z,NALG033
NMEK563,P,NMEK511
NMMB402,N,NMIB014
NMMB402,Z,NMIB014
NMMB431,N,NMIB105
NMMB431,Z,NMIB105
NMMB532,N,NMIB009
NMMB532,Z,NMIB009
NMMO594,N,NMOD209
NMST537,N,NMST414
NMST537,Z,NMST414
NAIL116,N,NXXX038
NAIL116,N,NXXX039
NAIL116,N,NXXX040
NAIL116,N,NXXX067
NAIL116,N,NXXX069
NDBX021,N,NDBI021
NDBX021,P,N#XX028
NDBX021,Z,NDBI021
NAIL107,N,NXXX038
NAIL107,N,NXXX039
NAIL107,N,NXXX040
NAIL107,N,NXXX067
NAIL107,N,NXXX069
NMAG568,N,NALG133
NMMA623,Z,NDIR248
NMNV622,Z,NNUM083
NBCM151,Z,NBCM175
NBCM183,N,NBCM035
NBCM183,Z,NBCM035
NDIN016,N,NDIN015
NDIN016,Z,NDIN015
NDIN018,N,NDIN012
NDIN018,Z,NDIN012
NOFX025,N,NOFY025
NOFX025,P,N#XX003
NOFX025,Z,NOFY025
NOFX027,K,NOFY003
NOFX027,N,NOFY027
NOFX027,P,N#XX003
NOFX027,Z,NOFY027
NPFX068,K,NPFL067
NPFX068,N,NPFL068
NPFX068,P,N#XX020
NPFX068,Z,NPFL068
NPGR040,N,NPGR001
NPGR040,Z,NPGR001
NPGX021,N,NPGR021
NPGX021,P,N#XX014
NPGX021,Z,NPGR021
NPRX014,N,NPRG014
NPRX014,Z,NPRG014
NSWI161,P,NSWI004
NJSF113,N,NJSF045
NJSF113,Z,NJSF045
NFPL505,K,NFPL502
NMMB471,Z,NALG050
NMUG410,N,NMTD410
NMUG410,Z,NMTD410
NPRG065,K,NPRG031
NMMA360,N,NMAA006
NDBX007,N,NDBI007
NDBX007,Z,NDBI007
NDBX025,N,NDBI025
NDBX025,P,N#XX038
NDBX025,Z,NDBI025
NDIX011,N,NDIN011
NDIX011,Z,NDIN011
NDIX019,N,NDIN019
NDIX019,Z,NDIN019
NDMX009,N,NDMI009
NDMX009,P,N#XX021
NDMX009,Z,NDMI009
NDMX011,N,NDMA001
NDMX011,N,NDMI011
NDMX011,Z,NDMI011
NDMX012,N,NDMI012
NDMX012,P,N#XX033
NDMX012,Z,NDMI012
NMST705,Z,MC230P58
NBCM163,Z,NBCM175
NBCM164,Z,NBCM176
NMUG405,N,NDGE013
NMUG405,N,NMTD405
NMUG405,Z,NDGE013
NMUG405,Z,NMTD405
NMAX042,N,NMAI042
NMAX042,P,N#XX033
NMAX042,Z,NMAI042
NMAX055,N,NMAI055
NMAX055,Z,NMAI055
NMAX056,K,NMAI054
NMAX056,N,NMAI056
NMAX056,P,N#XX033
NMAX056,Z,NMAI056
NMAX059,N,NMAI059
NMAX059,P,N#XX037
NMAX059,Z,NMAI059
NAFF003,Z,AISE00031
NAFF004,Z,AISE00032
NMMB212,N,NMMB201
NMMB212,Z,NMMB201
NMMB432,Z,NMMB407
NMMB462,N,NMIB010
NMMB462,Z,NMIB010
NMNV535,N,NDIR050
NMNV535,Z,NDIR050
NMNV627,N,NMOD038
NMNV627,Z,NMOD038
NMTD106,N,NMUG106
NMTD106,Z,NMUG106
NAIL115,N,NAIL119
NAIL115,N,NAIX115
NAIL115,Z,NAIL119
NAIL115,Z,NAIX115
NAIL123,N,NCGD011
NAIL123,Z,NCGD011
NAIL124,K,NAIL063
NAIX028,N,NAIL028
NAIX028,P,N#XX013
NAIX028,Z,NAIL028
NAIX062,N,NAIL062
NAIX062,P,N#XX036
NAIX062,Z,NAIL062
NAIX115,N,NAIL115
NAIX115,Z,NAIL115
NBCM175,Z,NBCM151
NBCM175,Z,NBCM163
NBCM176,Z,NBCM152
NBCM176,Z,NBCM164
NBCM178,K,NBCM177
NCGD001,N,NSWI115
NCGD001,Z,NSWI115
NCGD002,N,NCGD012
NCGD002,P,NCGD001
NCGD002,Z,NCGD012
NCGD004,N,NCGD010
NCGD004,Z,NCGD010
NCGD006,Z,NSWI159
NDBI046,N,NDBX046
NDBI046,Z,NDBX046
NDBX046,N,NDBI046
NDBX046,Z,NDBI046
NDMX028,N,NDMI028
NDMX028,P,N#XX019
NDMX028,Z,NDMI028
NDMX073,N,NDMI073
NDMX073,P,N#XX019
NDMX073,Z,NDMI073
NSWI162,N,NSWE002
NSWI162,Z,NSWE002
NSWI162,Z,NSWI183
NBCM172,P,NOFY022
NPRX005,N,NPRG005
NPRX005,P,N#XX038
NPRX005,Z,NPRG005
NPRX013,K,NPRG031
NPRX013,N,NPRG013
NPRX013,P,N#XX041
NPRX013,Z,NPRG013
NPRX021,K,NPRG013
NPRX021,N,NPRG021
NPRX021,P,N#XX035
NPRX021,Z,NPRG021
NPRX035,K,NPRG031
NPRX035,N,NPRG035
NPRX035,P,N#XX041
NPRX035,Z,NPRG035
NPRX036,N,NPRG036
NPRX036,P,N#XX032
NPRX036,Z,NPRG036
NPRX038,K,NPRG035
NPRX038,N,NPRG038
NPRX038,P,N#XX032
NPRX038,Z,NPRG038
NPRX041,N,NPRG041
NPRX041,P,N#IA024
NPRX041,P,N#XX041
NPRX041,Z,NPRG041
NPRX051,K,NPRG041
NPRX051,N,NPRG051
NPRX051,P,N#XX032
NPRX051,Z,NPRG051
NSWX004,N,NSWI004
NSWX004,P,N#XX023
NSWX004,Z,NSWI004
NSWX164,N,NSWI164
NSWX164,Z,NSWI164
NSZB001,Z,NSZZ027
NSZB002,Z,NSZZ027
NSZB003,Z,NSZZ027
NSZB004,Z,NSZZ027
NSZB005,Z,NSZZ027
NSZB006,Z,NSZZ027
NSZB007,Z,NSZZ027
NSZB008,Z,NSZZ027
NSZB009,Z,NSZZ027
NSZB010,Z,NSZZ027
NSZB011,Z,NSZZ027
NSZB012,Z,NSZZ027
NSZB013,Z,NSZZ027
NSZD001,Z,NSZZ016
NSZD002,Z,NSZZ016
NSZD003,Z,NSZZ016
NSZD004,Z,NSZZ016
NSZD005,Z,NSZZ016
NSZD006,Z,NSZZ016
NSZD007,Z,NSZZ016
NSZD008,Z,NSZZ016
NSZD009,Z,NSZZ016
NSZD011,Z,NSZZ016
NSZD012,Z,NSZZ016
NSZD013,Z,NSZZ016
NSZD014,Z,NSZZ016
NSZD015,Z,NSZZ016
NSZD016,Z,NSZZ016
NSZD017,Z,NSZZ016
NSZD018,Z,NSZZ016
NSZD019,Z,NSZZ016
NSZD020,Z,NSZZ016
NSZD021,Z,NSZZ016
NSZD022,Z,NSZZ016
NSZD023,Z,NSZZ016
NSZD024,Z,NSZZ016
NSZD025,Z,NSZZ016
NSZD026,Z,NSZZ016
NSZD027,Z,NSZZ016
NSZD028,Z,NSZZ016
NSZD029,Z,NSZZ016
NSZD030,Z,NSZZ016
NMMB307,N,NMMB305
NMMB307,N,NMMB335
NMMB307,Z,NMMB305
NMMB307,Z,NMMB335
NOFY086,Z,NEVF135
NOFY127,K,NOFY003
NOFY127,N,NOFY027
NOFY127,Z,NOFY027
NPGR033,N,NXXX019
NPGR033,N,NXXX020
NPGR033,N,NXXX021
NPGR038,P,NPRG031
NPGX002,N,NPGR002
NPGX002,P,N#XX022
NPGX002,Z,NPGR002
NPGX010,N,NPGR010
NPGX010,P,N#XX024
NPGX010,Z,NPGR010
NPGX026,N,NPGR026
NPGX026,P,N#XX024
NPGX026,Z,NPGR026
NPRF051,N,NPRF018
NPRF051,Z,NPRF018
NPRG062,K,NPRG030
NPRG062,N,NMIN102
NPRG062,N,NMIN112
NPRG069,N,NPRG023
NPRG069,N,NPRG070
NPRG069,N,NPRG071
NPRG070,N,NPRG023
NPRG070,N,NPRG069
NPRG070,N,NPRG071
NPRG071,N,NPRG023
NPRG071,N,NPRG069
NPRG071,N,NPRG070
NPRG072,K,N#IA025
NPRG072,N,NPRG023
NPRX030,N,NMIN101
NPRX030,N,NMIN102
NPRX030,N,NPRG030
NPRX030,N,NPRM044
NPRX030,N,NPRM045
NPRX030,P,N#XX038
NPRX030,Z,NPRG030
NPRX037,N,NPRG037
NPRX037,P,N#XX013
NPRX037,Z,NPRG037
NPRX043,N,NPRG043
NPRX043,P,N#XX025
NPRX043,Z,NPRG043
NPRX056,N,NPRG056
NPRX056,P,N#XX039
NPRX056,Z,NPRG056
NSWI163,N,NSWE002
NSWI163,Z,NSWE002
NSWI163,Z,NSWI080
NSWX095,N,NSWI095
NSWX095,P,N#XX038
NSWX095,Z,NSWI095
NSWX142,N,NSWI142
NSWX142,P,N#XX011
NSWX142,Z,NSWI142
NSWX153,N,NSWI153
NSWX153,P,N#XX017
NSWX153,Z,NSWI153
NTIN103,N,NXXX007
NTIN103,N,NXXX009
NTIN103,N,NXXX036
NTIN103,N,NXXX037
NTIN104,N,NXXX036
NTIN104,N,NXXX037
NTIX061,N,NTIN061
NTIX061,P,N#XX038
NTIX061,Z,NTIN061
NTIX066,N,NTIN066
NTIX066,Z,NTIN066
NTIX071,N,NTIN071
NTIX071,P,N#XX038
NTIX071,Z,NTIN071
NAIL126,N,NAIL028
NAIL126,Z,NAIL028
NBCM351,P,NOFY127
NOOE132,Z,NFPL122
NPFL122,N,NPFL139
NPFL122,Z,NPFL139
NPFX067,N,NPFL067
NPFX067,P,N#XX020
NPFX067,Z,NPFL067
NPRG067,P,NPRG065
NTIN105,K,NTIN066
NOOE050,P,NOOE046
NMAG333,N,NMAG339
NMAG333,Z,NMAG339
NPFL107,N,NPFL132
NPFL107,Z,NPFL132
NMFM410,N,NMFP537
NMFM410,Z,NMFP537
NMST432,P,NMSA407
NMUG162,N,NMTD108
NMUG162,Z,NMTD108
NMAI073,N,NMAX073
NMAI073,Z,NMAX073
NMAX062,N,NALG026
NMAX062,N,NMAI062
NMAX062,P,N#XX036
NMAX062,Z,NMAI062
NMAX063,K,NMAI062
NMAX063,N,NALG027
NMAX063,N,NMAI063
NMAX063,P,N#XX034
NMAX063,Z,NMAI063
NMAX073,N,NMAI073
NMAX073,Z,NMAI073
NMFM204,N,NMSA336
NMFM204,P,N#MP104
NMFM204,P,NMAG113
NMFM204,Z,NMSA336
NMFM207,N,NMFM331
NMFM207,P,NMFM104
NMFM332,P,NMFM301
NMFM332,P,NMMA341
NMFM334,P,NMFM301
NMFM334,P,NMMA341
NMIN111,N,NMTD103
NMIN111,N,NPRG030
NMIN111,Z,NPRG030
NMMA122,K,NMMA111
NMMA122,N,NMAA072
NMMA122,Z,NMAA072
NMMA204,K,NMMA201
NMMA204,N,NMAA004
NMMA204,N,NMMA202
NMMA204,P,N#MP102
NMMA204,Z,NMAA004
NMMA204,Z,NMMA202
NMMA205,N,N#MP106
NMMA205,N,NMMA203
NMMA205,P,N#MP102
NMMA205,Z,N#MP106
NMMA205,Z,NMMA203
NMMA221,N,NMAA073
NMMA221,P,N#MP103
NMMA221,Z,NMAA073
NMMA336,N,NDIR012
NMMA336,N,NDIR020
NMMA336,N,NMMA333
NMMA336,Z,NDIR012
NMMA336,Z,NDIR020
NMMA336,Z,NMMA333
NMMA339,N,NMMA334
NMMA339,Z,NMMA334
NMMA341,K,NMMA211
NMMA341,N,NMAA074
NMMA341,N,NMMA212
NMMA341,P,NMMA221
NMMA341,Z,NMAA074
NMMA341,Z,NMMA212
NMMA345,N,NMAT039
NMMA345,N,NMMA335
NMMA345,Z,NMAT039
NMMA345,Z,NMMA335
NMMB309,N,NMIB003
NMMB309,N,NMMB204
NMMB309,Z,NMIB003
NMMB332,Z,NMMB301
NMMB335,N,NMMB305
NMMB335,N,NMMB307
NMMB335,Z,NMMB305
NMMB335,Z,NMMB307
NMMB336,K,NMMB335
NMMB336,N,NMMB305
NMMB336,N,NMMB308
NMMB336,Z,NMMB305
NMMB336,Z,NMMB308
NMNV503,N,N#NV503
NMNV503,Z,N#NV503
NMNV544,P,NMNV503
NFPL180,P,NOFY021
NFPL302,K,MS710P03A
NFPL302,Z,MFPL302
NMFY261,N,NFYM003
NMFY261,P,NMFY160
NMIN266,N,NPRM043
NKZK002,Z,NKZK001
NKZK003,Z,NKZK001
NKZK004,Z,NKZK001
NFUF101,N,NUFY080
NFUF101,Z,NUFY080
NFUF401,N,NUFY056
NFUF401,Z,NUFY056
NFUF402,N,NDFY045
NFUF402,Z,NDFY045
NFUF403,N,NDFY043
NFUF403,Z,NDFY043
NFUF406,N,NDFY046
NFUF406,Z,NDFY046
NFUF502,N,NDFY044
NFUF502,Z,NDFY044
NAFY100,N,NAFY028
NAFY100,Z,NAFY028
NAFY101,N,NAFY034
NAFY101,Z,NAFY034
NFUF405,N,NUFY018
NFUF405,Z,NUFY018
NFUF802,N,NUFY122
NFUF802,Z,NUFY122
NFUF805,N,NUFY075
NFUF805,Z,NUFY075
NMAG351,N,NSZZ031
NMAG351,P,N#MP129
NMAG351,P,NMAG212
NMAG351,P,NMAG305
NMAG351,P,NMAG335
NMAG351,Z,NSZZ031
NMFM338,P,NMFM301
NMFM338,P,NMFM311
NMMA351,N,NSZZ031
NMMA351,P,NMAG212
NMMA351,P,NMMA331
NMMA351,P,NMMA336
NMMA351,P,NMMA339
NMMA351,P,NMMA343
NMMA351,Z,NSZZ031
NMMB308,N,NMMB305
NMMB308,N,NMMB336
NMMB308,Z,NMMB305
NMMB308,Z,NMMB336
NMNM351,N,NSZZ031
NMNM351,P,NMAG212
NMNM351,P,NMMA331
NMNM351,P,NMMA336
NMNM351,P,NMMA339
NMNM351,P,NMNM331
NMNM351,P,NMNM334
NMNM351,P,NMNM338
NMNM351,Z,NSZZ031
NMSA351,N,NSZZ031
NMSA351,P,NMMA342
NMSA351,P,NMMA343
NMSA351,P,NMSA331
NMSA351,P,NMSA332
NMSA351,P,NMSA333
NMSA351,P,NMSA334
NMSA351,Z,NSZZ031
NMTD503,N,NMUG503
NMTD503,Z,NMUG503
NMTM405,N,NMUM405
NMTM405,Z,NMUM405
NMTM505,N,NMUM503
NMTM505,Z,NMUM503
NOFY125,N,NOFY025
NOFY125,Z,NOFY025
NOFY141,N,NMAF027
NOFY141,Z,NMAF027
NOFY142,N,NMAF028
NOFY142,Z,NMAF028
NOFY162,N,NMAF062
NOFY162,Z,NMAF062
NOFY163,N,NMAF064
NOFY163,Z,NMAF064
NPFL132,N,NPFL107
NPFL132,Z,NPFL107
NUFY122,Z,NFUF802
NUFY999,N,NUFY099
NUFY999,Z,NUFY099
NSWI169,N,NSWI120
NSWI177,N,NSWI095
NSWI177,Z,NSWI095
NSWX080,N,NSWI080
NSWX080,P,N#XX027
NSWX080,Z,NSWI080
NSWX101,N,NSWI101
NSWX101,P,N#XX027
NSWX101,Z,NSWI101
NSWX126,N,NSWI126
NSWX126,P,N#XX026
NSWX126,Z,NSWI126
NSWX131,N,NSWI131
NSWX131,P,N#XX027
NSWX131,Z,NSWI131
NFUF103,N,NUFY101
NFUF103,Z,NUFY101
NFUF104,N,NUFY119
NFUF104,Z,NUFY119
NFUF105,N,NUFY093
NFUF105,Z,NUFY093
NFUF106,N,NUFY092
NFUF106,Z,NUFY092
NFUF201,N,NUFY102
NFUF201,Z,NUFY102
NFUF202,N,NUFY028
NFUF202,Z,NUFY028
NFUF203,N,NUFY098
NFUF203,Z,NUFY098
NFUF204,N,NUFY100
NFUF204,Z,NUFY100
NFUF205,N,NUFY096
NFUF205,Z,NUFY096
NFUF206,N,NUFY099
NFUF206,Z,NUFY099
NFUF302,N,NUFY094
NFUF302,Z,NUFY094
NFUF303,N,NUFY082
NFUF303,Z,NUFY082
NFUF305,N,NUFY115
NFUF305,Z,NUFY115
NFUF404,N,NDFY032
NFUF404,Z,NDFY032
NFUF407,N,NDFY033
NFUF407,Z,NDFY033
NFUF501,N,NUFY020
NFUF501,Z,NUFY020
NFUF503,N,NUFY023
NFUF503,Z,NUFY023
NGEO110,N,NGEO029
NGEO110,Z,NGEO029
NGEO111,N,NGEO078
NGEO111,Z,NGEO078
NGEO112,N,NGEO005
NGEO112,Z,NGEO005
NMAG111,N,NALG001
NMAG111,N,NMAG101
NMAG111,N,NMAG113
NMAG111,Z,NALG001
NMAG111,Z,NMAG101
NMAG112,K,NMAG111
NMAG112,N,NALG002
NMAG112,N,NMAG102
NMAG112,N,NMAG114
NMAG112,Z,NALG002
NMAG112,Z,NMAG102
NMAG206,P,N#MP101
NMAG206,Z,N#IA027
NMAG211,N,NMAG204
NMAG211,P,N#MP101
NMAG211,P,N#MP102
NMAG211,Z,NMAG204
NMAG212,P,N#MP102
NMAG305,N,NMAG301
NMAG305,Z,NMAG301
NMAG430,N,NMAG472
NMSA211,K,N#MP102
NMTD103,N,NMIN111
NMTD103,N,NMUG103
NMTD103,N,NPRG030
NMTD103,Z,NMIN111
NMTD103,Z,NMUG103
NMTD103,Z,NPRG030
NMTD104,K,NMTD103
NMTD104,N,NMIN112
NMTD104,N,NMUG104
NMTD104,Z,NMIN112
NMTD104,Z,NMUG104
NMTD201,N,NMUG201
NMTD201,Z,NMUG201
NMTD202,N,NMUG202
NMTD202,Z,NMUG202
NMTD203,N,NMUG265
NMTD203,Z,NMUG265
NMTD204,N,NMUG266
NMTD204,Z,NMUG266
NMTD206,N,NMUG303
NMTD206,Z,NMUG303
NMTD301,N,NMUG301
NMTD301,Z,NMUG301
NMTD302,N,NMUG302
NMTD302,Z,NMUG302
NMTD401,N,NMUG401
NMTD401,Z,NMUG401
NMTD402,N,NMUG404
NMTD402,Z,NMUG404
NMTD403,N,NMUG403
NMTD403,Z,NMUG403
NMTD404,N,NMUG406
NMTD404,Z,NMUG406
NMTD405,N,NMUG405
NMTD405,Z,NMUG405
NMTD410,N,NMUG410
NMTD410,Z,NMUG410
NMTD501,N,NMUG501
NMTD501,Z,NMUG501
NMTD511,N,NMUG511
NMTD511,Z,NMUG511
NMTM201,N,NMUM201
NMTM201,Z,NMUM201
NMTM202,N,NMUM202
NMTM202,Z,NMUM202
NMTM203,N,NMUM203
NMTM203,Z,NMUM203
NMTM204,N,NMUM204
NMTM204,Z,NMUM204
NMTM205,N,NMUM205
NMTM205,Z,NMUM205
NMTM206,N,NMUM206
NMTM206,Z,NMUM206
NMTM207,N,NMUM232
NMTM207,Z,NMUM232
NMTM208,N,NMUM208
NMTM208,Z,NMUM208
NMTM305,N,NMUM305
NMTM305,Z,NMUM305
NMTM306,N,NMUM306
NMTM306,Z,NMUM306
NMTM310,N,NMUM310
NMTM310,Z,NMUM310
NMTM401,N,NMUM401
NMTM401,Z,NMUM401
NMTM402,N,NMUM402
NMTM402,Z,NMUM402
NMTM403,N,NMUM403
NMTM403,Z,NMUM403
NMTM404,K,NMTM403
NMTM404,N,NMUM404
NMTM404,Z,NMUM404
NMTM410,N,NMUM410
NMTM410,Z,NMUM410
NMTM501,N,NMUM501
NMTM501,Z,NMUM501
NMTM503,N,NMUM505
NMTM503,Z,NMUM505
NMTM511,N,NMUM511
NMTM511,Z,NMUM511
NOFY126,N,NOFX026
NOFY126,N,NOFY026
NOFY126,Z,NOFX026
NOFY126,Z,NOFY026
NOFY130,N,NOFY030
NOFY130,Z,NOFY030
NOFY151,N,NMAF051
NOFY151,Z,NMAF051
NOFY152,N,NMAF052
NOFY152,Z,NMAF052
NOFY161,N,NMAF061
NOFY161,Z,NMAF061
NOPX042,N,NOPT042
NOPX042,P,N#XX018
NOPX042,Z,NOPT042
NOPX046,N,NOPT046
NOPX046,P,N#XX033
NOPX046,Z,NOPT046
NOPX048,N,NOPT048
NOPX048,P,N#XX036
NOPX048,Z,NOPT048
NPEP401,N,NMUM805
NPEP401,N,NPED034
NPEP401,N,NPEP901
NPEP401,Z,NPED034
NPEP402,N,NMUM806
NPEP402,N,NPED035
NPEP402,N,NPEP902
NPEP402,Z,NPED035
NPEP403,N,NMUM807
NPEP403,N,NPED033
NPEP403,N,NPEP903
NPEP403,Z,NPED033
NPEP501,N,NPED043
NPEP501,Z,NPED043
NPEP602,N,NUFY087
NPEP602,N,NUFY105
NPEP602,Z,NUFY105
NPEP604,N,NUFY087
NPEP604,N,NUFY106
NPEP604,Z,NUFY106
NPEP901,N,NMUM805
NPEP901,N,NPED034
NPEP901,N,NPEP401
NPEP901,Z,NPEP401
NPEP902,N,NMUM806
NPEP902,N,NPED035
NPEP902,N,NPEP402
NPEP902,Z,NPEP402
NPEP903,N,NMUM807
NPEP903,N,NPED033
NPEP903,N,NPEP403
NPEP903,Z,NPEP403
NPFL128,N,NPFL096
NPFL128,Z,NPFL096
NPFL129,N,NPFL054
NPFL129,Z,NPFL054
NPFX099,N,NPFL099
NPFX099,P,N#XX009
NPFX099,Z,NPFL099
NPFX104,N,NPFL104
NPFX104,P,N#XX020
NPFX104,Z,NPFL104
NSWI166,N,NDBI037
NSWI166,Z,NDBI037
NPEP904,N,NPEP401
NPEP904,N,NPEP402
NPEP904,N,NPEP901
NPEP904,N,NPEP902
NPEP904,Z,NPEP401
NPEP904,Z,NPEP402
NPEP904,Z,NPEP901
NPEP904,Z,NPEP902
NMNM338,N,NMMA334
NMNM338,Z,NMMA334
NMTM103,N,NMUM103
NMTM103,Z,NMUM103
NMTM104,N,NMUM104
NMTM104,Z,NMUM104
NMTM105,N,NMUM105
NMTM105,Z,NMUM105
NMTM161,N,NMUM161
NMTM161,Z,NMUM161
NMTM162,N,NMUM162
NMTM162,Z,NMUM162
NMTM262,P,NMTM101
NMTM262,P,NMTM102
NMTM301,N,NMUM301
NMTM301,Z,NMUM301
NMTM303,N,NMUM303
NMTM303,Z,NMUM303
NMTM331,N,NMUM331
NMTM331,Z,NMUM331
NMTM332,N,NMUM332
NMTM332,Z,NMUM332
NMAF064,N,NOFY163
NMAF064,Z,NOFY163
NMAG336,N,NMAG332
NMAG336,Z,NMAG332
NMAG339,N,NMAG333
NMAG339,Z,NMAG333
NMEX010,N,NMET010
NMEX010,P,NXXX003
NMEX010,Z,NMET010
NMFM311,P,NMFM202
NMFM336,P,NMFM301
NMFM336,P,NMFM308
NMMB334,N,NMMB303
NMMB334,Z,NMMB303
NMMB337,N,NMIB004
NMMB337,Z,NMIB004
NMMO302,N,NMMA331
NMTD102,N,NMUG102
NMTD102,Z,NMUG102
NMTD305,N,NMUG305
NMTD305,Z,NMUG305
NMTD310,N,NMUG310
NMTD310,Z,NMUG310
NMTM101,N,NMUM101
NMTM101,Z,NMUM101
NMTM102,N,NMUM102
NMTM102,Z,NMUM102
NMTM106,N,NMUM106
NMTM106,Z,NMUM106
NMTM307,N,NMUM307
NMTM307,Z,NMUM307
NMTM314,N,NSZZ031
NMTM314,Z,NSZZ031
NOFX026,N,NOFY026
NOFX026,P,N#XX004
NOFX026,Z,NOFY026
NOFY075,N,NBCM110
NOFY075,N,NOFY042
NOFY075,N,NOFY076
NOFY075,Z,NBCM110
NOFY075,Z,NOFY076
NOFY076,N,NJSF094
NOFY076,N,NOFY042
NOFY076,N,NOFY075
NOFY076,N,NTMF066
NOFY076,Z,NJSF094
NOFY076,Z,NOFY075
NOFY076,Z,NTMF066
NOFY078,N,NOFY178
NOFY078,Z,NOFY178
NOFY079,Z,NBCM111
NPEP601,N,NPED022
NPEP601,Z,NPED022
NPEP603,N,NPED042
NPEP603,Z,NPED042
NTIX084,N,NTIN084
NTIX084,P,N#XX010
NTIX084,Z,NTIN084
NTIX085,N,NTIN085
NTIX085,P,N#XX010
NTIX085,Z,NTIN085
NTIX086,N,NTIN086
NTIX086,P,N#XX010
NTIX086,Z,NTIN086
NUIN018,N,NCGD008
NUIN018,N,NSWI160
NAIX002,N,NAIL002
NAIX002,P,N#XX013
NAIX002,Z,NAIL002
NAIX004,N,NAIL004
NAIX004,P,N#XX013
NAIX004,Z,NAIL004
NAIX025,N,NAIL025
NAIX025,P,N#XX013
NAIX025,Z,NAIL025
NAIX052,N,NAIL052
NAIX052,P,N#XX013
NAIX052,Z,NAIL052
NAIX065,N,NAIL065
NAIX065,P,N#XX013
NAIX065,Z,NAIL065
NAIX068,N,NAIL068
NAIX068,P,N#XX040
NAIX068,Z,NAIL068
NAIX078,N,NAIL078
NAIX078,P,N#XX013
NAIX078,Z,NAIL078
NAIX086,K,NAIL025
NAIX086,K,NAIX025
NAIX086,N,NAIL086
NAIX086,P,N#XX013
NAIX086,Z,NAIL086
NAIX094,N,NAIL094
NAIX094,P,N#XX016
NAIX094,Z,NAIL094
NAIX101,N,NAIL101
NAIX101,P,N#XX013
NAIX101,Z,NAIL101
NAIX105,N,NAIL105
NAIX105,P,N#XX013
NAIX105,Z,NAIL105
NAIX106,N,NAIL106
NAIX106,P,N#XX040
NAIX106,Z,NAIL106
NAIX107,N,NAIL107
NAIX107,P,N#XX013
NAIX107,Z,NAIL107
NAIX116,N,NAIL116
NAIX116,P,N#XX013
NAIX116,Z,NAIL116
NOFY178,N,NOFY078
NOFY178,Z,NOFY078
NPEP302,N,NPEP606
NPEP302,Z,NPEP606
NPFL133,N,NPFL109
NPFL133,Z,NPFL109
NAIX060,N,NAIL060
NAIX060,P,N#XX013
NAIX060,Z,NAIL060
NAIX069,N,NAIL069
NAIX069,P,N#XX040
NAIX069,Z,NAIL069
NDBX031,N,NDBI031
NDBX031,P,N#XX013
NDBX031,Z,NDBI031
NFUF801,N,NUFY070
NFUF801,Z,NUFY070
NFUF803,N,NUFY114
NFUF803,Z,NUFY114
NFUF804,N,NUFY081
NFUF804,Z,NUFY081
NFUF806,N,NUFY083
NFUF806,Z,NUFY083
NFUF807,N,NUFY054
NFUF807,Z,NUFY054
NFUF808,N,NDFY079
NFUF808,Z,NDFY079
NFUF832,N,NDFY047
NFUF832,Z,NDFY047
NFUF836,N,NUFY044
NFUF836,Z,NUFY044
NKZK005,Z,NKZK001
NKZK006,Z,NKZK001
NKZK007,Z,NKZK001
NKZK008,Z,NKZK001
NPFL125,N,NPFL092
NPFL125,Z,NPFL092
NDMX025,N,NDMI025
NDMX025,P,N#XX006
NDMX025,Z,NDMI025
NFUF304,N,NUFY097
NFUF304,Z,NUFY097
NFUF306,N,NDFY031
NFUF306,Z,NDFY031
NFUF902,N,NDFY038
NFUF902,Z,NDFY038
NPED029,N,NPED010
NPED029,Z,NPED010
NPED030,N,NPED010
NPED030,Z,NPED010
NUFY107,N,NUFY024
NUFY107,Z,NUFY024
NUFY109,N,NUFY060
NUFY109,Z,NUFY060
NUFY110,N,NUFY024
NUFY110,Z,NUFY024
NUFY112,N,NUFY060
NUFY112,Z,NUFY060
NSZB014,Z,NSZZ027
NSZI070,Z,NSZI015
NSZP100,Z,NSZU021
NMTD205,N,NMUG106
NMTD205,Z,NMUG106
NFPL311,P,NFPL310
NFPL312,P,NFPL311
NMMB566,N,NMMB568
NMMB566,Z,NMMB568
NMTP561,P,NMTP432
NMSA413,N,NMSA403
NMSA413,Z,NMSA403
NMTD101,N,NMUG101
NMTD101,Z,NMUG101
NMTD108,N,NMUG162
NMTD108,Z,NMUG162
NOPX008,N,NOPT008
NOPX008,P,N#XX005
NOPX008,Z,NOPT008
NOPX016,N,NOPT016
NOPX016,P,N#XX005
NOPX016,Z,NOPT016
NOPX018,N,NOPT018
NOPX018,P,N#XX005
NOPX018,Z,NOPT018
NOPX034,N,NOPT034
NOPX034,P,N#XX006
NOPX034,Z,NOPT034
NOPX051,N,NOPT051
NOPX051,P,N#XX007
NOPX051,Z,NOPT051
NMAI076,K,NMAI062
NMAI076,N,NMAI063
NMAI076,Z,NMAI063
NMAI076,Z,NMAX063
NPFX038,N,NPFL038
NPFX038,P,N#XX009
NPFX038,Z,NPFL038
NPFX070,N,NPFL070
NPFX070,P,N#XX009
NPFX070,Z,NPFL070
NPFX075,N,NPFL075
NPFX075,P,N#XX009
NPFX075,Z,NPFL075
NPFX079,N,NPFL079
NPFX079,P,N#XX009
NPFX079,Z,NPFL079
NPFX082,N,NPFL082
NPFX082,P,N#XX009
NPFX082,Z,NPFL082
NPFX083,N,NPFL083
NPFX083,P,N#XX009
NPFX083,Z,NPFL083
NPFX087,N,NPFL087
NPFX087,P,N#XX009
NPFX087,Z,NPFL087
NPFX093,N,NPFL093
NPFX093,P,N#XX009
NPFX093,Z,NPFL093
NPFX103,N,NPFL103
NPFX103,P,N#XX009
NPFX103,Z,NPFL103
NPGX033,N,NPGR033
NPGX033,P,N#XX014
NPGX033,Z,NPGR033
NPRG076,N,NSWI176
NPRG076,Z,NSWI176
NSWX001,N,NSWE001
NSWX001,P,N#XX030
NSWX001,Z,NSWE001
NSWX132,N,NSWI132
NSWX132,P,N#XX029
NSWX132,Z,NSWI132
NSWX152,N,NSWI152
NSWX152,P,N#IA023
NSWX152,P,N#XX017
NSWX152,Z,NSWI152
NBCX012,N,NBCM012
NBCX012,P,N#XX001
NBCX012,P,NBCM010
NBCX012,Z,NBCM012
NBCX100,N,NBCM100
NBCX100,P,N#XX002
NBCX100,Z,NBCM100
NBCX122,N,NBCM122
NBCX122,P,N#XX002
NBCX122,Z,NBCM122
NDBX023,N,NDBI023
NDBX023,P,N#XX042
NDBX023,Z,NDBI023
NDMX013,N,NDMI013
NDMX013,P,N#XX015
NDMX013,Z,NDMI013
NDMX018,N,NDMI018
NDMX018,P,N#XX006
NDMX018,Z,NDMI018
NDMX065,N,NDMI065
NDMX065,P,N#XX005
NDMX065,Z,NDMI065
NDMX074,N,NDMI074
NDMX074,P,N#XX008
NDMX074,Z,NDMI074
NMAX064,N,NMAI064
NMAX064,P,N#XX005
NMAX064,Z,NMAI064
NMAX071,N,NMAI071
NMAX071,P,N#XX007
NMAX071,Z,NMAI071
NMEX014,N,NMET014
NMEX014,P,NXXX003
NMEX014,Z,NMET014
NMEX031,N,NMET031
NMEX031,P,NXXX003
NMEX031,Z,NMET031
NMEX061,N,NMET061
NMEX061,P,NXXX003
NMEX061,Z,NMET061
NMEX062,N,NMET062
NMEX062,P,NXXX003
NMEX062,Z,NMET062
NMEX067,N,NMET067
NMEX067,P,NXXX003
NMEX067,Z,NMET067
NTIX022,N,NTIN022
NTIX022,P,N#XX015
NTIX022,Z,NTIN022
NTIX033,N,NTIN033
NTIX033,P,N#XX010
NTIX033,Z,NTIN033
NTIX063,K,NTIN062
NTIX063,N,NTIN063
NTIX063,P,N#XX006
NTIX063,Z,NTIN063
NTIX090,N,NTIN062
NTIX090,N,NTIN064
NTIX090,N,NTIN090
NTIX090,P,N#XX012
NTIX090,Z,N#IA022
NTIX090,Z,NTIN090
NTIX100,N,NTIN100
NTIX100,P,N#XX010
NTIX100,Z,NTIN100
NTIX103,N,NTIN103
NTIX103,P,N#XX008
NTIX103,Z,NTIN103
NTIX104,N,NTIN104
NTIX104,P,N#XX010
NTIX104,Z,NTIN104
NPEP606,N,NPEP302
NPEP606,Z,NPEP302
NPFX063,N,NPFL063
NPFX063,P,N#XX031
NPFX063,Z,NPFL063
NSWI170,K,NSWI120
NSWI178,K,NPRG030
NSWI178,N,NSWI120
NUIN020,N,NSWI142
NUIN020,Z,NSWI142
NUIN020,Z,NUIN019
NUIN021,Z,N#UI004
NPFL131,N,NPFL098
NPFL131,Z,NPFL098
NUIN019,N,NSWI142
NUIN019,Z,NSWI142
NMEK511,N,NMEK432
NMEK511,N,NMFP401
NMEK511,P,NMSA407
NMFP401,N,NMEK511
NMFP403,N,NMSA409
NMFP403,Z,NMSA409
NMFP409,N,NMFM401
NMFP409,Z,NMFM401
NMFP434,N,NMFM402
NMFP434,P,NMFP409
NMFP434,Z,NMFM402
NMFP462,N,NMFM461
NMFP462,Z,NMFM461
NMFP501,N,NMFM501
NMFP501,P,NMFP407
NMFP501,P,NMFP409
NMFP501,Z,NMFM501
NMFP505,N,NMFM505
NMFP505,P,N#TP405
NMFP505,Z,NMFM505
NMFP532,N,NMFM502
NMFP532,P,NMFP407
NMFP532,P,NMFP409
NMFP532,Z,NMFM502
NMFP537,N,NMFM410
NMFP537,Z,NMFM410
NMFP556,P,NMEK412
NMFP556,P,NMFP436
NMFP556,P,NMFP533
NMFP556,P,NMFP535
NMFP558,P,NMFP432
NMFP558,P,NMFP434
NMFP558,P,NMFP531
NMFP558,P,NMFP537
NMEK412,N,NMEK532
NMEK521,N,NMEK551
NMEK521,P,NMEK450
NMEK521,P,NMSA409
NMEK521,P,NMSA413
NMEK521,P,NMST412
NMEK521,P,NMST414
NMFP402,N,NMST412
NMFP402,N,NMST432
NMFP402,P,NMFP401
NMFP402,Z,NMST412
NMFP407,N,NMFM405
NMFP407,Z,NMFM405
NMFP432,N,NMFM406
NMFP432,N,NMFM416
NMFP432,P,NMFP407
NMFP432,Z,N#FM406
NMFP465,N,NMFM531
NMFP465,Z,NMFM531
NMFP466,N,NMFM532
NMFP466,Z,NMFM532
NMFP535,N,NMST539
NMFP535,Z,NMST539
NCGD010,N,NCGD004
NCGD010,Z,NCGD004
NCGD012,N,NCGD002
NCGD012,Z,NCGD002
NFUF811,N,NUFY116
NFUF811,P,NFUF305
NFUF811,Z,NUFY116
NMMA410,Z,NMMA338
NMMB568,N,NMMB566
NMMB568,Z,NMMB566
NMSA562,P,NMSA407
NMST412,N,NMFP402
NMST412,N,NMST432
NMST412,P,NMSA407
NMST412,Z,NMST432
NMST414,K,NMSA409
NMST414,N,NMFP404
NMST414,N,NMST537
NMST414,Z,NMST537
NMST422,N,NMST432
NMST422,P,NMSA407
NMST422,Z,NMST432
NMST424,N,NMST434
NMST424,P,NMSA407
NMST511,N,NMST531
NMST511,P,NMSA405
NMST511,P,NMSA407
NMST511,Z,NMST531
NMST545,K,N#ST407
NMST545,N,NMST434
NMST547,P,N#ST412
NMST564,P,NMSA407
NMTP521,N,NMTP551
NMTP521,P,NMTP432
NMTP521,P,NMTP450
NMTP521,Z,NMTP551
NOOE080,P,NOFY022
NPFL136,N,NPFL081
NPFL136,Z,NPFL081
NPFL138,N,NPFL114
NPFL138,Z,NPFL114
NPFL139,N,NPFL122
NPFL139,Z,NPFL122
NFUF901,N,NUFY126
NFUF901,Z,NUFY126
NMST444,K,NMSA407
NAIL133,N,NAIL068
NAIL133,N,NAIX068
NAIL133,Z,NAIL068
NAIL133,Z,NAIX068
NCGD011,N,NAIL123
NCGD011,Z,NAIL123
NDBI049,N,NDBI001
NDBI049,Z,NDBI001
NDBI050,N,NDBI006
NDBI050,Z,NDBI006
NMAG113,N,NMAG101
NMAG113,N,NMAG111
NMAG113,Z,NMAG101
NMAG113,Z,NMAG111
NMAG114,K,NMAG113
NMAG114,N,NMAG102
NMAG114,N,NMAG112
NMAG114,Z,NMAG102
NMAG114,Z,NMAG112
NPFL137,N,NPFL111
NPFL137,Z,NPFL111
NMAG472,N,NMAG430
NMAG631,Z,NMIB027
NMFP405,N,NMFM408
NMFP405,Z,NMFM408
NMFP461,N,NMFM537
NMFP461,Z,NMFM537
NMFP533,N,NMFM431
NMFP533,Z,NMFM431
NSWI200,N,NSWI004
NSWI200,N,NSWX004
NSWI200,N,NXXX010
NSWI200,N,NXXX014
NSWI200,N,NXXX022
NSWI200,N,NXXX025
NSWI200,N,NXXX026
NSWI200,N,NXXX031
NSWI200,N,NXXX032
NSWI200,N,NXXX035
NSWI200,Z,NSWI004
NSWI200,Z,NSWX004
NSWI202,P,N#IA023
NAIL134,N,NAIL122
NAIL134,Z,NAIL122
NFPL310,K,NOFY125
NPRG073,P,NPRG031
NPRG074,P,NPRG031
NPRG078,N,NPRG069
NPRG079,N,NPRG070
NPRG080,N,NPRG071
NAIL016,N,NLTM010
NAIL016,Z,NLTM010
NAIL017,N,NLTM011
NAIL017,Z,NLTM011
NAIL018,N,NLTM001
NAIL018,Z,NLTM001
NAIL049,N,NLTM007
NAIL049,P,NLTM006
NAIL049,Z,NLTM007
NAIL050,N,NLTM002
NAIL050,P,NAIL003
NAIL050,P,NLTM017
NAIL050,Z,NLTM002
NPFL145,K,NMAI055
NPFL145,K,NPFL144
NPFL145,K,NTIN060
NPRG082,N,NPRG073
NPRG082,P,NPRG031
NPRG083,N,NPRG074
NPRG083,P,NPRG031
NSWI183,Z,NSWI162
NUPA008,N,NSWI132
NUPA008,Z,NSWI132
NUPA015,N,NPRG041
NUPA015,Z,NPRG041
NUPA016,N,NSWI098
NUPA016,Z,NSWI098
NUPA029,N,NDBI048
NUPA029,Z,NDBI048
NUPA032,N,NPFL138
NUPA032,Z,NPFL138
